Time,temperature_2m,relativehumidity_2m,dewpoint_2m,windspeed_10m,windspeed_100m,winddirection_10m,winddirection_100m,windgusts_10m,Power
2017-01-02 00:00:00,22.7,82,18.0,3.21,7.6,86,90,5.3,0.3047
2017-01-02 21:00:00,33.0,94,31.5,3.02,5.5,56,71,5.1,0.1811
2017-01-03 18:00:00,24.9,81,20.0,8.45,12.76,291,291,15.4,0.8647
2017-01-04 15:00:00,5.1,62,-5.0,6.96,10.1,286,286,13.4,0.7575
2017-01-05 12:00:00,0.3,62,-9.6,5.63,7.6,287,286,10.7,0.396
2017-01-06 09:00:00,-7.4,72,-14.1,4.59,6.58,286,287,8.2,0.2441
2017-01-07 06:00:00,-6.7,75,-12.5,2.61,6.12,274,281,4.4,0.1718
2017-01-08 03:00:00,-5.2,75,-11.0,3.14,7.04,301,309,6.4,0.353
2017-01-09 00:00:00,15.2,53,1.2,5.98,9.64,201,203,11.3,0.2455
2017-01-09 21:00:00,24.1,85,20.4,7.49,12.09,161,164,12.9,0.4165
2017-01-10 18:00:00,28.4,81,23.4,9.9,15.42,271,273,18.3,0.8589
2017-01-11 15:00:00,25.1,77,18.8,5.0,7.3,360,1,8.9,0.3707
2017-01-12 12:00:00,14.7,66,5.5,4.09,5.61,292,292,7.6,0.0891
2017-01-13 09:00:00,0.8,70,-6.6,2.73,3.88,8,12,5.2,0.1137
2017-01-14 06:00:00,8.9,75,2.7,1.35,2.42,312,263,2.7,0.0
2017-01-15 03:00:00,2.2,86,-1.0,2.75,3.24,289,326,3.9,0.0222
2017-01-16 00:00:00,11.8,72,4.5,4.05,5.99,200,206,5.0,0.1101
2017-01-16 21:00:00,32.1,97,31.4,5.81,9.63,93,95,10.6,0.1688
2017-01-17 18:00:00,32.7,95,31.5,2.4,4.78,272,286,4.5,0.0521
2017-01-18 15:00:00,41.5,64,30.1,5.82,9.04,209,213,10.4,0.3522
2017-01-19 12:00:00,40.4,78,34.1,3.04,4.03,163,166,6.9,0.0022
2017-01-20 09:00:00,34.5,96,33.4,2.62,4.91,83,86,5.4,0.1685
2017-01-21 06:00:00,36.1,99,35.9,4.46,8.19,110,115,8.5,0.2917
2017-01-22 03:00:00,36.2,98,35.7,2.42,5.59,218,224,4.1,0.0421
2017-01-23 00:00:00,32.7,96,31.7,2.12,4.83,315,326,3.8,0.0678
2017-01-23 21:00:00,34.6,90,32.1,2.77,5.59,311,317,4.6,0.0624
2017-01-24 18:00:00,33.9,86,30.2,1.91,3.67,96,101,3.8,0.014
2017-01-25 15:00:00,33.2,95,31.9,5.65,9.18,13,16,9.3,0.2833
2017-01-26 12:00:00,31.3,77,24.9,5.76,8.39,309,309,10.3,0.3127
2017-01-27 09:00:00,21.8,77,15.7,5.55,8.15,284,284,10.1,0.3835
2017-01-28 06:00:00,20.4,88,17.3,3.67,6.76,287,294,8.0,0.5056
2017-01-29 03:00:00,19.9,80,14.6,3.58,6.71,293,298,6.7,0.1825
2017-01-30 00:00:00,7.3,77,1.6,2.55,5.92,334,344,4.6,0.1589
2017-01-30 21:00:00,24.4,88,21.4,4.26,7.61,141,152,8.8,0.4074
2017-01-31 18:00:00,30.2,82,25.3,3.5,7.61,268,273,9.5,0.1943
2017-02-01 15:00:00,19.9,69,11.3,5.36,8.48,307,308,10.6,0.3039
2017-02-02 12:00:00,9.4,64,-0.4,5.34,7.5,283,283,9.8,0.3785
2017-02-03 09:00:00,3.4,75,-2.8,4.49,8.27,282,285,7.7,0.3139
2017-02-04 06:00:00,4.2,66,-4.5,3.16,7.82,198,212,4.8,0.39
2017-02-05 03:00:00,24.2,77,18.0,4.46,8.91,254,258,8.6,0.3125
2017-02-06 00:00:00,18.0,75,11.4,1.87,2.43,164,189,3.2,0.0434
2017-02-06 21:00:00,32.0,93,30.2,4.05,7.38,106,115,6.9,0.0959
2017-02-07 18:00:00,31.0,89,28.0,6.63,10.47,293,295,14.7,0.6388
2017-02-08 15:00:00,19.8,46,2.5,4.2,5.4,322,321,8.9,0.1649
2017-02-09 12:00:00,13.9,38,-7.0,5.31,6.89,290,289,11.6,0.2922
2017-02-10 09:00:00,24.1,49,7.6,7.7,11.62,181,183,14.8,0.7042
2017-02-11 06:00:00,34.6,87,31.2,2.06,4.67,299,313,4.1,0.109
2017-02-12 03:00:00,30.2,96,29.3,2.41,3.79,275,282,3.8,0.1896
2017-02-13 00:00:00,26.7,66,16.8,4.85,9.01,284,289,9.5,0.5657
2017-02-13 21:00:00,35.3,52,19.3,6.07,11.15,237,240,10.6,0.7762
2017-02-14 18:00:00,37.2,52,21.0,5.7,9.87,308,310,13.6,0.81
2017-02-15 15:00:00,30.0,44,10.6,5.03,6.74,311,311,10.5,0.3244
2017-02-16 12:00:00,34.8,47,16.8,5.06,6.66,150,152,9.9,0.1788
2017-02-17 09:00:00,37.1,62,25.3,3.83,5.99,160,165,7.6,0.251
2017-02-18 06:00:00,37.3,87,33.8,3.79,8.6,282,290,7.4,0.4339
2017-02-19 03:00:00,33.3,86,29.6,2.12,4.94,289,306,3.3,0.1683
2017-02-20 00:00:00,41.9,70,32.8,4.33,8.58,140,148,7.3,0.4634
2017-02-20 21:00:00,56.0,84,51.3,7.45,12.66,187,189,17.9,0.5578
2017-02-21 18:00:00,49.6,68,39.3,2.43,5.61,171,183,3.4,0.1811
2017-02-22 15:00:00,67.0,52,48.5,6.04,8.73,209,210,17.0,0.4031
2017-02-23 12:00:00,43.3,68,33.3,4.2,5.37,25,27,9.0,0.2507
2017-02-24 09:00:00,29.5,90,26.8,9.48,14.57,45,46,16.6,0.4997
2017-02-25 06:00:00,16.2,78,10.5,7.05,10.38,305,306,13.2,0.0
2017-02-26 03:00:00,19.1,67,10.0,4.48,7.99,204,212,7.4,0.0474
2017-02-27 00:00:00,25.7,75,18.7,3.3,7.16,272,277,6.3,0.1567
2017-02-27 21:00:00,36.6,71,27.9,3.76,7.98,140,150,6.1,0.112
2017-02-28 18:00:00,44.9,100,44.8,2.05,4.55,47,57,6.6,0.135
2017-06-01 00:00:00,51.6,70,42.0,2.62,6.4,320,333,4.4,0.2139
2017-06-01 22:00:00,57.8,61,44.3,2.47,3.26,256,288,2.9,0.0233
2017-06-02 20:00:00,66.4,68,55.7,2.43,5.69,189,211,5.1,0.1579
2017-06-03 18:00:00,78.9,66,66.7,4.4,7.73,197,201,8.4,0.394
2017-06-04 16:00:00,81.6,35,51.7,3.75,5.38,312,312,7.5,0.145
2017-06-05 14:00:00,71.7,47,50.1,5.59,7.36,43,44,11.1,0.2219
2017-06-06 12:00:00,71.5,41,46.3,5.46,7.22,49,48,11.0,0.2056
2017-06-07 10:00:00,69.6,51,50.9,1.17,1.39,200,201,4.5,0.004
2017-06-08 08:00:00,68.5,54,51.3,3.55,4.74,220,224,7.1,0.3267
2017-06-09 06:00:00,63.1,84,58.2,3.7,6.17,19,25,7.1,0.2066
2017-06-10 04:00:00,62.9,77,55.5,4.5,8.85,181,194,8.1,0.355
2017-06-11 02:00:00,75.0,56,58.4,6.78,11.35,217,221,11.8,0.6266
2017-06-12 00:00:00,77.8,60,62.7,7.93,12.93,209,212,13.8,0.5795
2017-06-12 22:00:00,68.8,95,67.4,1.61,3.35,277,287,6.2,0.2156
2017-06-13 20:00:00,73.7,75,65.3,4.75,8.48,105,107,8.1,0.187
2017-06-14 18:00:00,73.0,80,66.3,1.89,3.04,122,134,6.4,0.0248
2017-06-15 16:00:00,83.4,37,54.7,4.24,6.82,262,266,10.7,0.1378
2017-06-16 14:00:00,84.2,35,53.6,3.38,4.36,214,217,7.2,0.0811
2017-06-17 12:00:00,79.1,73,69.7,2.65,3.26,259,259,7.8,0.0021
2017-06-18 10:00:00,69.7,57,53.7,8.57,11.75,281,282,15.5,0.6256
2017-06-19 08:00:00,65.0,71,55.2,3.68,4.88,292,293,8.1,0.1703
2017-06-20 06:00:00,59.3,81,53.6,3.08,5.57,257,261,5.8,0.1431
2017-06-21 04:00:00,53.2,91,50.5,1.86,4.74,234,252,2.9,0.1219
2017-06-22 02:00:00,66.0,86,61.6,3.91,7.4,177,189,6.4,0.2916
2017-06-23 00:00:00,66.9,97,66.0,1.3,2.44,302,305,4.7,0.0509
2017-06-23 22:00:00,62.7,62,49.7,4.35,7.92,293,296,7.6,0.4764
2017-06-24 20:00:00,55.5,62,42.7,5.1,8.96,259,264,11.0,0.5961
2017-06-25 18:00:00,58.3,80,52.0,4.68,7.53,286,289,14.5,0.5755
2017-06-26 16:00:00,59.9,56,44.2,6.99,10.08,336,337,15.0,0.5023
2017-06-27 14:00:00,70.1,44,47.0,2.64,3.49,241,243,6.3,0.0943
2017-06-28 12:00:00,65.5,90,62.5,7.73,12.22,185,188,14.8,0.5947
2017-06-29 10:00:00,75.4,65,62.7,6.02,8.14,259,259,11.3,0.4739
2017-06-30 08:00:00,67.0,92,64.5,3.3,4.4,270,270,6.6,0.006
2017-07-01 06:00:00,63.7,89,60.6,1.49,3.0,318,323,4.2,0.1203
2017-07-02 04:00:00,58.6,88,55.2,2.5,6.1,254,260,4.4,0.1584
2017-07-03 02:00:00,60.3,100,60.3,1.27,1.79,45,63,2.2,0.0102
2017-07-04 00:00:00,60.2,83,55.1,2.21,5.48,108,105,3.8,0.0908
2017-07-04 22:00:00,66.5,90,63.4,3.04,6.52,117,122,5.2,0.0805
2017-07-05 20:00:00,71.3,89,68.0,1.91,4.74,227,226,3.1,0.0215
2017-07-06 18:00:00,80.4,70,69.6,2.97,6.6,250,256,6.3,0.2868
2017-07-07 16:00:00,74.6,57,58.3,5.14,7.18,13,13,9.4,0.2475
2017-07-08 14:00:00,76.4,37,48.2,2.68,3.54,297,299,5.9,0.0259
2017-07-09 12:00:00,76.7,57,60.1,5.3,7.1,212,212,9.9,0.1304
2017-07-10 10:00:00,72.1,81,65.8,2.06,2.75,209,213,5.2,0.0327
2017-07-11 08:00:00,73.0,90,70.0,1.36,1.55,163,165,4.1,0.0
2017-07-12 06:00:00,70.6,97,69.7,4.17,7.47,150,154,11.1,0.266
2017-07-13 04:00:00,69.0,96,67.9,3.55,6.75,292,297,6.0,0.174
2017-07-14 02:00:00,62.2,75,54.2,3.76,5.95,310,312,6.4,0.2408
2017-07-15 00:00:00,61.1,90,58.2,2.41,5.94,275,283,4.2,0.0524
2017-07-15 22:00:00,71.2,84,66.3,2.64,5.77,241,244,8.1,0.1406
2017-07-16 20:00:00,64.6,79,58.1,3.04,6.21,81,87,5.0,0.0253
2017-07-17 18:00:00,73.4,66,61.5,1.8,2.72,183,186,4.1,0.012
2017-07-18 16:00:00,84.5,64,71.2,4.92,7.05,209,212,9.8,0.3206
2017-07-19 14:00:00,81.7,60,66.6,0.73,0.98,106,114,4.6,0.0618
2017-07-20 12:00:00,81.7,62,67.5,2.82,3.72,293,294,6.5,0.0312
2017-07-21 10:00:00,79.6,70,68.9,3.2,4.2,178,179,6.6,0.0097
2017-07-22 08:00:00,72.0,91,69.1,3.96,5.24,313,312,7.8,0.0696
2017-07-23 06:00:00,70.8,92,68.3,2.5,4.6,286,304,6.1,0.1086
2017-07-24 04:00:00,60.2,92,57.8,2.41,4.69,5,11,3.8,0.0649
2017-07-25 02:00:00,54.6,89,51.3,1.9,4.49,162,159,2.9,0.0796
2017-07-26 00:00:00,67.0,81,60.9,5.3,9.27,182,187,9.0,0.398
2017-07-26 22:00:00,69.2,95,67.7,1.3,1.91,337,317,2.1,0.0449
2017-07-27 20:00:00,68.2,77,60.9,2.59,5.98,62,72,4.3,0.1557
2017-07-28 18:00:00,71.7,68,60.8,4.31,7.21,44,44,9.8,0.1817
2017-07-29 16:00:00,75.2,48,54.2,1.22,1.46,9,16,3.6,0.0009
2017-07-30 14:00:00,77.9,51,58.1,2.33,2.91,205,207,5.6,0.0355
2017-07-31 12:00:00,78.9,57,62.5,2.11,2.56,211,211,5.7,0.0113
2017-08-01 10:00:00,75.8,63,62.5,3.45,4.55,260,261,7.1,0.0949
2017-08-02 08:00:00,72.2,83,66.7,2.59,3.36,28,30,5.7,0.0009
2017-08-03 06:00:00,61.7,90,58.8,3.4,5.98,76,80,6.7,0.1271
2017-08-04 04:00:00,54.4,92,52.2,7.64,11.73,284,287,15.8,0.4541
2017-08-05 02:00:00,56.0,91,53.5,2.79,6.26,285,295,5.5,0.1439
2017-08-06 00:00:00,62.3,71,52.9,2.2,5.66,231,238,3.9,0.0218
2017-08-06 22:00:00,63.3,80,57.0,1.28,3.47,51,44,4.2,0.0677
2017-08-07 20:00:00,61.4,72,52.1,1.97,3.96,246,254,3.0,0.0632
2017-08-08 18:00:00,72.9,63,59.6,2.69,5.87,239,247,4.9,0.1242
2017-08-09 16:00:00,74.7,54,57.1,3.77,5.73,191,192,7.4,0.079
2017-08-10 14:00:00,71.2,81,64.9,4.2,5.99,232,237,11.5,0.3172
2017-08-11 12:00:00,67.0,72,57.8,6.63,8.96,337,336,12.1,0.0875
2017-08-12 10:00:00,67.6,56,51.3,2.38,2.98,345,346,5.8,0.0807
2017-08-13 08:00:00,66.7,70,56.8,1.0,1.22,180,189,3.2,0.0075
2017-08-14 06:00:00,60.6,86,56.4,2.91,6.0,176,180,4.3,0.0537
2017-08-15 04:00:00,58.7,98,58.2,2.14,4.61,349,4,4.0,0.0744
2017-08-16 02:00:00,63.4,78,56.4,2.24,4.92,117,119,3.9,0.0767
2017-08-17 00:00:00,69.1,98,68.4,5.47,8.94,149,153,10.2,0.3367
2017-08-17 22:00:00,65.9,79,59.1,6.29,9.87,288,290,11.4,0.5801
2017-08-18 20:00:00,66.8,77,59.3,3.09,5.97,295,301,5.7,0.1378
2017-08-19 18:00:00,73.5,67,61.8,2.25,4.97,201,210,3.7,0.027
2017-08-20 16:00:00,80.3,61,65.7,2.19,2.97,223,225,6.8,0.0432
2017-08-21 14:00:00,81.8,64,68.6,3.2,4.12,200,203,7.8,0.0169
2017-08-22 12:00:00,71.2,50,51.6,6.86,9.2,307,307,12.8,0.4409
2017-08-23 10:00:00,66.3,59,51.5,4.39,5.81,319,319,9.0,0.2064
2017-08-24 08:00:00,59.4,82,53.9,3.26,4.3,18,18,6.6,0.0874
2017-08-25 06:00:00,52.4,89,49.2,1.5,3.67,86,101,3.3,0.0026
2017-08-26 04:00:00,57.7,82,52.4,2.78,5.35,142,147,4.8,0.1618
2017-08-27 02:00:00,61.5,85,57.0,6.17,10.19,163,164,10.9,0.3994
2017-08-28 00:00:00,60.9,95,59.4,2.5,5.38,178,190,4.2,0.0153
2017-08-28 22:00:00,60.8,97,59.9,1.91,4.53,84,96,4.6,0.0882
2017-08-29 20:00:00,62.3,88,58.8,2.14,2.24,307,333,2.6,0.0126
2017-08-30 18:00:00,65.5,97,64.7,1.84,3.67,331,331,6.8,0.9065
2017-08-31 16:00:00,65.8,55,49.3,4.46,5.87,42,44,8.4,0.1674
2017-12-01 15:00:00,43.8,55,28.5,3.93,7.37,195,201,7.5,0.1577
2017-12-02 12:00:00,46.3,58,32.5,3.18,4.08,257,259,6.6,0.017
2017-12-03 09:00:00,35.0,76,28.4,3.04,5.7,163,165,5.5,0.0919
2017-12-04 06:00:00,49.2,88,45.8,7.21,12.2,177,181,16.2,0.7336
2017-12-05 03:00:00,33.0,61,21.1,11.09,16.59,263,264,22.0,0.9287
2017-12-06 00:00:00,21.0,49,4.8,6.41,10.34,259,261,11.5,0.8965
2017-12-06 21:00:00,19.1,57,6.5,5.81,8.43,311,312,11.5,0.5164
2017-12-07 18:00:00,19.0,39,-1.7,4.84,8.43,263,265,8.4,0.2859
2017-12-08 15:00:00,31.2,43,11.4,4.12,5.79,247,249,8.1,0.0743
2017-12-09 12:00:00,26.9,44,8.1,7.47,10.1,348,349,15.0,0.6482
2017-12-10 09:00:00,23.5,58,10.8,3.01,4.3,266,270,5.9,0.1574
2017-12-11 06:00:00,23.0,79,17.4,3.85,6.02,171,175,7.0,0.101
2017-12-12 03:00:00,16.6,53,2.4,7.4,10.9,322,322,13.3,0.6596
2017-12-13 00:00:00,18.4,56,5.3,3.31,4.74,185,187,6.1,0.4045
2017-12-13 21:00:00,19.8,74,12.9,7.27,10.87,8,10,13.4,0.6118
2017-12-14 18:00:00,19.2,59,7.2,2.11,5.32,211,221,4.7,0.0579
2017-12-15 15:00:00,29.2,57,15.9,4.68,7.06,286,286,11.3,0.1808
2017-12-16 12:00:00,33.2,73,25.7,4.52,5.97,95,99,10.0,0.1586
2017-12-17 09:00:00,30.8,87,27.5,4.1,5.7,90,91,7.8,0.0804
2017-12-18 06:00:00,30.3,98,29.8,1.88,3.67,245,259,4.3,0.0626
2017-12-19 03:00:00,34.1,68,24.6,5.33,10.18,247,252,10.1,0.5057
2017-12-20 00:00:00,24.7,62,13.3,5.42,9.32,308,308,9.3,0.5005
2017-12-20 21:00:00,21.8,72,14.2,2.5,4.32,74,85,5.1,0.0745
2017-12-21 18:00:00,29.7,85,25.8,4.11,6.72,64,67,7.5,0.2847
2017-12-22 15:00:00,31.9,73,24.1,2.64,3.53,295,295,5.5,0.0127
2017-12-23 12:00:00,20.1,51,5.0,4.53,5.83,301,301,9.4,0.3366
2017-12-24 09:00:00,17.5,60,5.9,1.84,2.55,225,225,4.1,0.0
2017-12-25 06:00:00,9.7,66,0.6,6.77,10.25,289,289,12.6,0.4111
2017-12-26 03:00:00,-4.8,54,-17.2,4.98,7.66,292,294,9.2,0.2963
2017-12-27 00:00:00,-5.2,62,-14.9,4.25,6.79,311,314,7.5,0.2095
2017-12-27 21:00:00,-2.1,57,-13.7,2.14,3.14,37,22,3.6,0.0292
2017-12-28 18:00:00,8.7,71,1.3,3.84,6.03,219,220,5.5,0.126
2017-12-29 15:00:00,11.5,60,0.3,3.42,4.55,291,289,7.5,0.0073
2017-12-30 12:00:00,-2.9,48,-17.5,6.71,9.07,303,304,13.3,0.5295
2017-12-31 09:00:00,-3.8,69,-11.3,5.04,7.56,321,323,9.0,0.186
2018-01-01 06:00:00,-12.5,73,-18.6,4.97,8.29,300,304,8.9,0.2897
2018-01-02 03:00:00,-8.4,70,-15.6,3.81,8.2,265,271,6.8,0.4354
2018-01-03 00:00:00,8.2,74,1.7,5.25,8.77,239,241,10.3,0.4643
2018-01-03 21:00:00,0.4,73,-6.1,4.12,8.32,321,327,7.2,0.3104
2018-01-04 18:00:00,-2.0,69,-9.8,2.9,5.52,316,325,4.6,0.0605
2018-01-05 15:00:00,5.0,54,-8.0,3.76,5.82,335,336,7.8,0.1222
2018-01-06 12:00:00,6.0,51,-8.3,0.1,0.14,180,135,4.6,0.0149
2018-01-07 09:00:00,16.9,68,8.2,5.96,10.87,203,206,11.7,0.6981
2018-01-08 06:00:00,23.1,91,20.8,4.34,8.36,285,291,7.6,0.3881
2018-01-09 03:00:00,25.9,84,21.8,1.52,3.19,293,311,3.4,0.0468
2018-01-10 00:00:00,28.3,88,25.2,5.79,10.31,159,162,9.7,0.3801
2018-01-10 21:00:00,42.9,96,41.9,6.32,10.84,191,194,14.6,0.7434
2018-01-11 18:00:00,22.2,81,17.4,6.63,9.67,293,294,13.9,0.5969
2018-01-12 15:00:00,15.8,34,-7.8,6.41,8.81,3,3,12.9,0.5529
2018-01-13 12:00:00,5.7,38,-14.7,4.04,5.17,312,313,8.9,0.0675
2018-01-14 09:00:00,5.0,46,-11.3,3.91,5.63,184,186,7.5,0.1947
2018-01-15 06:00:00,15.9,84,12.1,3.16,5.37,145,156,6.1,0.1794
2018-01-16 03:00:00,13.4,87,10.2,4.71,8.16,348,353,8.2,0.2263
2018-01-17 00:00:00,3.6,81,-0.8,4.01,7.99,274,279,6.9,0.2353
2018-01-17 21:00:00,17.6,66,8.0,7.24,12.62,244,246,12.8,0.8141
2018-01-18 18:00:00,28.8,61,17.0,5.45,10.68,226,232,9.2,0.5733
2018-01-19 15:00:00,41.7,47,22.8,6.05,10.03,214,219,10.7,0.8062
2018-01-20 12:00:00,43.3,56,28.5,0.7,0.9,270,270,4.8,0.0
2018-01-21 09:00:00,32.3,87,29.0,1.61,2.91,150,176,3.7,0.0
2018-01-22 06:00:00,33.7,99,33.3,7.58,12.01,54,56,13.1,0.7255
2018-01-23 03:00:00,27.7,85,23.7,6.46,10.04,344,347,12.2,0.4859
2018-01-24 00:00:00,23.7,69,15.0,3.18,4.63,347,346,6.5,0.0656
2018-01-24 21:00:00,22.8,76,16.2,1.79,4.17,207,226,2.7,0.0197
2018-01-25 18:00:00,29.0,82,24.0,2.92,6.74,121,131,5.1,0.0944
2018-01-26 15:00:00,43.4,62,31.2,8.0,12.82,193,196,15.0,0.7013
2018-01-27 12:00:00,38.9,43,18.4,5.91,8.02,273,274,11.9,0.3802
2018-01-28 09:00:00,23.9,66,14.2,2.19,2.69,336,338,4.7,0.1265
2018-01-29 06:00:00,18.1,63,7.8,4.2,5.7,360,360,8.6,0.1931
2018-01-30 03:00:00,8.7,68,0.4,3.24,5.54,304,309,5.7,0.1015
2018-01-31 00:00:00,28.2,39,6.5,7.63,12.22,185,188,13.3,0.7119
2018-01-31 21:00:00,30.1,58,17.1,4.71,8.96,253,254,7.9,0.4964
2018-02-01 18:00:00,5.6,44,-11.7,6.12,8.67,308,309,12.3,0.6175
2018-02-02 15:00:00,16.5,22,-16.0,4.05,5.29,254,255,8.5,0.1781
2018-02-03 12:00:00,26.0,60,14.1,4.9,6.71,181,183,9.1,0.1035
2018-02-04 09:00:00,8.3,69,0.2,6.71,9.93,350,351,12.0,0.5519
2018-02-05 06:00:00,-9.2,71,-16.0,2.37,5.94,242,257,4.9,0.1706
2018-02-06 03:00:00,0.7,83,-3.2,3.04,7.41,297,305,5.0,0.3186
2018-02-07 00:00:00,7.6,70,-0.1,1.22,2.84,171,190,2.2,0.0
2018-02-07 21:00:00,-2.9,75,-8.9,3.67,5.71,244,259,5.0,0.1134
2018-02-08 18:00:00,13.1,72,5.6,2.64,5.9,205,219,4.0,0.0758
2018-02-09 15:00:00,11.9,71,4.2,2.44,4.63,19,14,6.7,0.0567
2018-02-10 12:00:00,9.2,63,-0.9,2.13,2.91,311,311,4.3,0.0144
2018-02-11 09:00:00,10.8,82,6.5,2.53,4.27,288,291,4.4,0.0512
2018-02-12 06:00:00,1.3,78,-3.9,2.84,6.89,309,320,5.7,0.3857
2018-02-13 03:00:00,5.0,74,-1.6,1.77,4.84,137,142,3.3,0.0224
2018-02-14 00:00:00,21.3,83,17.0,4.78,9.62,217,223,8.5,0.5417
2018-02-14 21:00:00,35.9,91,33.7,7.2,12.55,218,221,12.1,0.6749
2018-02-15 18:00:00,35.6,78,29.4,2.91,6.93,333,340,5.9,0.378
2018-02-16 15:00:00,24.0,21,-10.4,3.88,5.1,282,281,9.2,0.2677
2018-02-17 12:00:00,27.6,55,13.6,4.69,6.46,214,215,10.6,0.2275
2018-02-18 09:00:00,24.9,77,18.6,4.53,7.21,158,161,8.5,0.5114
2018-02-19 06:00:00,33.4,90,30.9,1.97,4.33,156,187,5.1,0.2091
2018-02-20 03:00:00,31.2,98,30.7,0.51,1.44,11,236,1.2,0.0887
2018-02-21 00:00:00,21.7,70,13.4,5.94,8.7,314,315,10.6,0.5314
2018-02-21 21:00:00,20.4,43,1.5,2.2,4.4,3,1,3.7,0.0124
2018-02-22 18:00:00,29.0,73,21.4,4.9,8.01,91,93,8.0,0.3
2018-02-23 15:00:00,40.8,52,24.7,6.1,8.3,270,270,11.7,0.235
2018-02-24 12:00:00,39.3,56,24.7,6.24,8.43,112,112,12.3,0.3682
2018-02-25 09:00:00,25.3,68,16.1,9.05,12.71,254,255,16.7,0.8583
2018-02-26 06:00:00,24.0,85,20.1,2.12,5.41,225,242,4.3,0.2193
2018-02-27 03:00:00,35.8,61,23.8,5.98,11.5,201,205,10.1,0.6709
2018-02-28 00:00:00,43.8,75,36.2,3.77,8.18,202,213,7.5,0.1277
2018-02-28 21:00:00,33.6,84,29.4,3.86,8.07,69,70,6.5,0.3218
2018-06-01 14:00:00,71.8,67,60.2,4.1,5.27,34,33,9.3,0.1217
2018-06-02 12:00:00,69.4,65,57.0,4.66,6.04,113,114,10.1,0.1572
2018-06-03 10:00:00,63.4,63,50.8,6.75,9.51,282,282,14.7,0.6767
2018-06-04 08:00:00,62.2,58,47.4,4.6,6.1,269,270,8.9,0.4559
2018-06-05 06:00:00,53.3,80,47.4,4.9,6.86,70,71,7.7,0.01
2018-06-06 04:00:00,47.8,75,40.4,3.02,6.24,124,125,5.2,0.0533
2018-06-07 02:00:00,58.0,93,56.1,1.7,3.47,332,348,3.0,0.0134
2018-06-08 00:00:00,57.3,69,47.0,2.55,5.57,101,99,6.3,0.145
2018-06-08 22:00:00,62.7,87,58.9,3.1,5.57,105,108,4.9,0.1076
2018-06-09 20:00:00,64.1,81,58.2,5.3,7.8,89,91,10.5,0.163
2018-06-10 18:00:00,64.5,80,58.1,5.75,8.59,77,78,11.3,0.7019
2018-06-11 16:00:00,72.6,66,60.7,6.16,8.54,122,123,11.4,0.5153
2018-06-12 14:00:00,77.4,69,66.4,2.28,2.92,232,232,6.2,0.0375
2018-06-13 12:00:00,73.7,37,46.2,5.28,7.07,331,331,11.3,0.4984
2018-06-14 10:00:00,74.4,51,54.9,2.41,2.92,175,174,5.7,0.0141
2018-06-15 08:00:00,62.7,84,57.6,6.23,10.65,150,154,10.6,0.4615
2018-06-16 06:00:00,72.4,91,69.6,5.06,8.59,205,206,8.5,0.0813
2018-06-17 04:00:00,72.8,83,67.3,4.67,8.95,190,198,7.9,0.2704
2018-06-18 02:00:00,78.2,71,68.1,4.55,8.49,237,236,8.6,0.2568
2018-06-19 00:00:00,64.1,81,58.2,4.18,7.48,79,82,7.0,0.3089
2018-06-19 22:00:00,62.8,91,60.0,3.05,5.38,67,72,5.1,0.0598
2018-06-20 20:00:00,66.1,85,61.4,2.04,4.54,101,104,4.2,0.1193
2018-06-21 18:00:00,67.4,74,58.7,2.21,5.19,72,74,1.9,0.0415
2018-06-22 16:00:00,69.3,61,55.2,3.97,6.58,34,36,7.5,0.1786
2018-06-23 14:00:00,78.0,48,56.6,1.84,2.33,319,317,5.0,0.0127
2018-06-24 12:00:00,76.9,56,60.2,2.8,3.6,88,88,7.8,0.042
2018-06-25 10:00:00,72.9,65,60.6,4.11,5.28,108,109,8.5,0.1636
2018-06-26 08:00:00,66.7,79,59.9,6.32,8.88,125,126,11.6,0.3754
2018-06-27 06:00:00,63.5,93,61.5,2.1,2.81,357,356,7.6,0.019
2018-06-28 04:00:00,61.7,97,60.9,1.7,3.1,267,291,2.7,0.0316
2018-06-29 02:00:00,69.6,93,67.6,3.11,6.56,174,188,5.1,0.2871
2018-06-30 00:00:00,79.3,79,72.1,6.2,10.75,201,203,11.3,0.4459
2018-06-30 22:00:00,76.2,90,73.0,4.12,7.5,219,224,6.9,0.3876
2018-07-01 20:00:00,73.4,72,63.7,5.66,9.28,291,292,11.1,0.4469
2018-07-02 18:00:00,78.5,65,65.9,2.86,4.97,192,195,6.3,0.1208
2018-07-03 16:00:00,85.0,52,65.6,3.7,5.0,178,179,7.1,0.0068
2018-07-04 14:00:00,83.1,79,75.7,3.21,4.22,184,185,10.3,0.1149
2018-07-05 12:00:00,82.7,71,72.2,4.17,5.45,314,316,10.0,0.0722
2018-07-06 10:00:00,70.2,48,49.5,3.54,4.49,74,73,8.1,0.1097
2018-07-07 08:00:00,67.0,58,51.8,2.4,3.21,182,185,5.4,0.1977
2018-07-08 06:00:00,63.1,69,52.9,3.05,5.66,212,225,5.3,0.3581
2018-07-09 04:00:00,63.9,82,58.2,3.34,7.5,219,226,6.1,0.2986
2018-07-10 02:00:00,71.0,70,60.8,3.89,7.79,18,24,6.6,0.1892
2018-07-11 00:00:00,66.5,64,54.0,2.0,4.82,127,138,4.0,0.0511
2018-07-11 22:00:00,69.8,59,55.0,4.18,7.85,132,134,7.1,0.2382
2018-07-12 20:00:00,78.0,70,67.5,4.55,8.13,189,194,8.7,0.5718
2018-07-13 18:00:00,77.1,91,74.2,2.21,3.42,18,15,6.7,0.0588
2018-07-14 16:00:00,81.3,67,69.4,1.6,1.9,176,177,4.6,0.0
2018-07-15 14:00:00,82.7,75,73.8,1.48,1.92,208,208,5.0,0.0105
2018-07-16 12:00:00,80.0,38,52.1,4.58,5.97,328,329,9.0,0.1508
2018-07-17 10:00:00,72.8,51,53.7,3.11,3.91,6,3,7.5,0.0842
2018-07-18 08:00:00,67.5,77,60.1,1.84,2.24,151,153,4.9,0.052
2018-07-19 06:00:00,65.0,77,57.4,3.29,5.63,160,168,5.2,0.2296
2018-07-20 04:00:00,66.0,96,64.9,5.86,9.26,153,155,10.8,0.2314
2018-07-21 02:00:00,65.8,95,64.3,5.3,8.88,2,8,9.3,0.3041
2018-07-22 00:00:00,65.4,93,63.3,5.81,9.07,11,14,10.2,0.2824
2018-07-22 22:00:00,66.0,93,63.8,1.84,4.79,13,29,4.2,0.1754
2018-07-23 20:00:00,70.7,83,65.1,2.19,2.8,313,325,2.8,0.0078
2018-07-24 18:00:00,77.0,56,60.0,3.69,6.52,311,311,8.4,0.1443
2018-07-25 16:00:00,79.2,56,62.0,3.11,4.98,228,232,7.3,0.0921
2018-07-26 14:00:00,71.3,55,54.2,5.79,7.81,288,289,11.0,0.2615
2018-07-27 12:00:00,68.9,55,51.9,5.28,7.12,307,308,10.4,0.3222
2018-07-28 10:00:00,72.4,50,52.5,2.77,3.44,296,296,6.4,0.0017
2018-07-29 08:00:00,68.9,72,59.4,0.98,1.17,246,250,3.4,0.0
2018-07-30 06:00:00,61.6,91,59.1,2.0,4.03,307,316,2.9,0.0417
2018-07-31 04:00:00,61.0,97,60.3,1.0,0.63,307,288,1.2,0.0054
2018-08-01 02:00:00,63.3,90,60.2,2.22,5.71,262,266,3.5,0.0918
2018-08-02 00:00:00,65.9,86,61.6,2.0,4.97,233,240,5.4,0.0511
2018-08-02 22:00:00,63.6,91,61.0,2.34,4.68,70,70,4.1,0.0135
2018-08-03 20:00:00,70.9,76,63.0,2.26,5.3,167,181,5.5,0.1003
2018-08-04 18:00:00,81.6,60,66.4,5.57,9.49,189,192,10.0,0.3406
2018-08-05 16:00:00,85.2,55,67.5,5.19,7.59,251,252,11.4,0.3273
2018-08-06 14:00:00,76.9,73,67.5,3.85,5.14,261,263,9.6,0.0184
2018-08-07 12:00:00,72.5,71,62.7,2.11,2.72,95,96,5.6,0.0
2018-08-08 10:00:00,73.5,73,64.3,0.92,1.13,311,315,5.2,0.0011
2018-08-09 08:00:00,75.9,84,70.8,2.52,3.24,277,279,5.5,0.1469
2018-08-10 06:00:00,65.1,85,60.5,2.25,4.84,69,83,4.2,0.031
2018-08-11 04:00:00,63.5,92,61.0,2.02,4.68,290,312,3.2,0.0134
2018-08-12 02:00:00,65.0,98,64.5,1.72,1.82,144,171,2.6,0.0001
2018-08-13 00:00:00,67.9,87,63.9,2.04,4.93,169,174,3.4,0.0877
2018-08-13 22:00:00,71.6,86,67.2,2.2,3.42,210,232,2.8,0.0669
2018-08-14 20:00:00,74.3,76,66.3,2.43,4.7,171,181,3.8,0.0121
2018-08-15 18:00:00,75.4,82,69.6,2.69,4.6,138,136,4.2,0.0814
2018-08-16 16:00:00,74.4,85,69.7,1.56,1.91,135,133,5.4,0.0176
2018-08-17 14:00:00,78.4,67,66.3,1.91,2.53,6,9,6.7,0.0735
2018-08-18 12:00:00,74.4,68,63.0,3.11,3.91,356,356,6.6,0.0
2018-08-19 10:00:00,73.5,76,65.4,1.68,1.99,163,162,4.7,0.0033
2018-08-20 08:00:00,70.6,92,68.2,4.61,7.6,103,106,7.9,0.247
2018-08-21 06:00:00,65.6,94,63.8,5.34,8.47,347,348,11.0,0.2698
2018-08-22 04:00:00,55.9,85,51.4,3.24,6.86,304,313,5.6,0.243
2018-08-23 02:00:00,57.8,71,48.5,2.79,7.03,249,255,4.7,0.2607
2018-08-24 00:00:00,63.3,71,53.7,4.57,8.81,170,177,7.7,0.265
2018-08-24 22:00:00,63.4,90,60.5,5.84,9.63,173,175,10.0,0.3079
2018-08-25 20:00:00,69.9,92,67.3,1.61,1.65,60,14,2.7,0.0045
2018-08-26 18:00:00,73.3,92,70.8,3.79,6.55,168,173,12.6,0.019
2018-08-27 16:00:00,82.8,75,74.0,5.92,8.89,196,197,12.8,0.5925
2018-08-28 14:00:00,83.2,71,72.9,7.42,10.42,207,208,14.0,0.0473
2018-08-29 12:00:00,67.8,60,53.6,3.89,5.06,331,330,9.0,0.1117
2018-08-30 10:00:00,66.0,68,55.3,3.54,4.46,135,136,7.2,0.053
2018-08-31 08:00:00,64.7,79,58.1,4.34,6.22,165,169,8.2,0.3324
2018-12-01 18:00:00,33.9,94,32.3,8.32,13.12,70,71,14.7,0.945
2018-12-02 15:00:00,32.1,93,30.3,6.8,10.73,1,4,12.1,0.5005
2018-12-03 12:00:00,26.5,77,20.3,5.61,8.2,11,13,10.7,0.3046
2018-12-04 09:00:00,23.1,84,19.0,1.73,4.03,280,263,3.0,0.0312
2018-12-05 06:00:00,15.2,87,12.0,2.51,5.98,247,252,4.9,0.108
2018-12-06 03:00:00,22.8,86,19.1,4.39,7.2,319,322,7.4,0.6797
2018-12-07 00:00:00,6.9,80,2.1,2.42,5.86,277,295,4.2,0.1381
2018-12-07 21:00:00,17.2,81,12.3,2.8,5.81,270,273,4.9,0.0873
2018-12-08 18:00:00,15.2,79,9.9,3.49,4.43,204,208,3.8,0.0587
2018-12-09 15:00:00,23.2,77,17.0,1.51,3.24,262,261,3.9,0.0274
2018-12-10 12:00:00,27.6,72,19.9,4.49,6.8,238,237,8.6,0.2882
2018-12-11 09:00:00,16.7,87,13.4,1.53,4.1,302,304,3.5,0.1357
2018-12-12 06:00:00,32.0,94,30.4,6.33,10.54,121,125,10.6,0.6429
2018-12-13 03:00:00,27.2,93,25.4,1.44,2.98,214,230,3.2,0.0061
2018-12-14 00:00:00,31.2,76,24.6,1.1,1.58,175,252,1.8,0.1359
2018-12-14 21:00:00,24.3,81,19.2,2.84,7.51,309,312,5.4,0.1529
2018-12-15 18:00:00,24.2,91,22.1,2.42,2.02,60,81,4.0,0.0239
2018-12-16 15:00:00,40.7,62,28.5,5.0,8.7,286,287,8.4,0.3064
2018-12-17 12:00:00,31.2,58,18.3,2.47,3.14,328,329,6.8,0.1133
2018-12-18 09:00:00,28.2,62,16.9,5.73,9.76,168,174,9.3,0.3852
2018-12-19 06:00:00,33.1,73,25.3,4.57,8.95,190,198,7.9,0.5059
2018-12-20 03:00:00,38.5,95,37.2,3.45,6.93,190,198,7.3,0.1221
2018-12-21 00:00:00,31.4,80,25.9,6.61,10.13,350,351,11.6,0.4025
2018-12-21 21:00:00,24.5,71,16.6,2.91,4.88,333,337,5.6,0.1501
2018-12-22 18:00:00,27.4,77,21.0,1.42,3.19,219,229,1.2,0.0081
2018-12-23 15:00:00,32.8,58,19.6,5.3,8.2,270,271,10.8,0.4791
2018-12-24 12:00:00,26.9,50,10.9,2.63,3.24,279,279,6.3,0.0581
2018-12-25 09:00:00,28.2,88,25.2,1.63,2.64,137,143,3.4,0.0155
2018-12-26 06:00:00,28.8,95,27.6,1.4,3.81,4,357,2.9,0.0
2018-12-27 03:00:00,36.0,80,30.5,8.2,13.09,135,137,14.3,0.8707
2018-12-28 00:00:00,46.5,95,45.1,6.21,10.69,195,197,11.3,0.5357
2018-12-28 21:00:00,24.5,73,17.2,5.14,7.38,7,9,9.2,0.2803
2018-12-29 18:00:00,24.6,72,16.8,4.07,6.14,208,210,6.3,0.0435
2018-12-30 15:00:00,33.6,42,13.0,4.83,7.02,204,206,10.6,0.4988
2018-12-31 12:00:00,33.0,91,30.7,2.66,4.03,70,76,5.0,0.0645
2019-01-01 09:00:00,15.3,76,9.2,3.61,6.69,3,9,6.4,0.1966
2019-01-02 06:00:00,18.2,89,15.4,3.54,4.85,172,172,4.9,0.0464
2019-01-03 03:00:00,17.7,77,11.6,3.61,8.1,228,237,6.1,0.3508
2019-01-04 00:00:00,32.1,69,23.1,5.35,10.83,237,241,9.4,0.5159
2019-01-04 21:00:00,28.5,89,25.6,2.37,5.98,298,308,3.8,0.1899
2019-01-05 18:00:00,38.2,75,31.0,4.34,9.5,296,300,7.1,0.5419
2019-01-06 15:00:00,34.8,70,26.2,5.6,8.45,109,111,10.1,0.5735
2019-01-07 12:00:00,44.3,96,43.1,5.41,9.48,205,206,13.7,0.5709
2019-01-08 09:00:00,33.0,91,30.6,4.96,8.39,298,301,9.2,0.5751
2019-01-09 06:00:00,14.6,53,0.6,7.24,10.24,305,306,15.0,0.7707
2019-01-10 03:00:00,12.2,55,-1.1,4.05,6.77,320,326,7.2,0.1443
2019-01-11 00:00:00,17.8,74,10.9,2.94,5.59,125,134,5.0,0.0055
2019-01-11 21:00:00,26.2,65,16.0,2.69,5.24,149,156,4.6,0.0878
2019-01-12 18:00:00,27.6,70,19.0,5.3,8.29,54,56,9.9,0.4494
2019-01-13 15:00:00,29.5,53,14.5,2.02,2.55,9,11,5.1,0.0149
2019-01-14 12:00:00,32.7,63,21.6,4.32,5.67,228,229,8.8,0.2214
2019-01-15 09:00:00,28.0,80,22.6,3.91,5.26,230,231,7.3,0.3422
2019-01-16 06:00:00,24.5,59,12.3,5.02,7.52,354,355,9.7,0.4051
2019-01-17 03:00:00,23.3,69,14.5,3.24,5.26,124,129,6.1,0.1504
2019-01-18 00:00:00,22.5,73,15.2,3.7,6.3,308,313,7.1,0.0464
2019-01-18 21:00:00,17.3,61,6.1,5.83,8.11,59,60,10.0,0.2352
2019-01-19 18:00:00,9.6,72,2.4,4.62,7.99,5,9,8.5,0.2324
2019-01-20 15:00:00,7.2,44,-10.0,3.93,6.36,7,8,7.9,0.1113
2019-01-21 12:00:00,13.2,65,3.6,3.59,5.58,167,165,7.1,0.1098
2019-01-22 09:00:00,18.5,66,8.9,4.21,6.77,162,167,8.2,0.279
2019-01-23 06:00:00,17.0,89,14.3,5.02,8.12,6,10,7.2,0.1561
2019-01-24 03:00:00,1.7,89,-0.8,2.51,5.6,265,271,3.7,0.1117
2019-01-25 00:00:00,-3.1,69,-10.9,6.36,10.87,294,297,11.4,0.6768
2019-01-25 21:00:00,-15.7,72,-22.2,4.08,5.81,301,312,4.9,0.0428
2019-01-26 18:00:00,2.4,78,-2.9,2.06,4.52,203,208,4.0,0.0222
2019-01-27 15:00:00,-3.9,71,-11.0,2.81,4.42,176,185,4.9,0.0176
2019-01-28 12:00:00,12.4,84,8.5,8.04,12.3,21,26,15.3,0.7095
2019-01-29 09:00:00,-4.7,70,-12.0,7.35,11.21,282,283,12.0,0.7548
2019-01-30 06:00:00,-27.5,64,-35.6,7.57,12.27,285,288,13.5,0.7839
2019-01-31 03:00:00,-25.7,70,-32.4,3.63,7.59,278,283,6.3,0.2457
2019-02-01 00:00:00,-5.5,74,-11.5,2.19,3.45,156,170,3.5,0.0
2019-02-01 21:00:00,9.0,82,4.7,5.11,9.14,183,185,8.2,0.3762
2019-02-02 18:00:00,36.6,95,35.3,2.42,6.16,210,228,5.8,0.1759
2019-02-03 15:00:00,44.9,94,43.2,4.56,7.63,206,214,8.7,0.3312
2019-02-04 12:00:00,45.0,94,43.4,7.14,10.39,276,278,12.4,0.5084
2019-02-05 09:00:00,19.4,64,9.0,4.08,5.44,54,54,8.7,0.1797
2019-02-06 06:00:00,23.1,92,21.2,4.6,7.12,360,4,7.7,0.0
2019-02-07 03:00:00,23.9,87,20.5,3.89,5.72,61,63,7.9,0.0
2019-02-08 00:00:00,6.6,70,-1.2,7.74,12.14,256,259,14.4,0.4138
2019-02-08 21:00:00,0.1,67,-8.4,5.25,8.25,288,289,9.3,0.3348
2019-02-09 18:00:00,13.1,33,-10.9,1.39,1.75,120,149,2.9,0.0039
2019-02-10 15:00:00,25.6,78,19.8,4.63,6.94,104,105,8.9,0.2136
2019-02-11 12:00:00,25.8,75,18.9,5.3,7.8,91,91,10.1,0.2882
2019-02-12 09:00:00,26.1,92,24.1,3.84,5.99,51,57,7.8,0.3019
2019-02-13 06:00:00,18.2,84,14.2,7.23,11.2,284,287,12.6,0.7523
2019-02-14 03:00:00,18.9,79,13.6,3.38,7.08,146,161,5.0,0.4807
2019-02-15 00:00:00,16.1,77,10.2,9.17,13.46,297,298,15.6,0.725
2019-02-15 21:00:00,7.0,76,1.2,3.84,8.37,321,331,6.6,0.1392
2019-02-16 18:00:00,10.6,83,6.6,2.77,6.54,26,39,5.2,0.0497
2019-02-17 15:00:00,21.9,83,17.7,4.88,7.81,47,50,9.8,0.7029
2019-02-18 12:00:00,15.9,76,9.7,3.31,4.43,5,6,6.5,0.0271
2019-02-19 09:00:00,0.2,81,-4.2,1.91,2.42,174,210,2.8,0.0019
2019-02-20 06:00:00,24.1,90,21.6,6.45,10.48,103,105,10.3,0.3904
2019-02-21 03:00:00,21.3,83,16.8,6.52,10.12,249,252,10.8,0.3759
2019-02-22 00:00:00,6.0,89,3.5,3.64,4.28,307,323,4.2,0.0668
2019-02-22 21:00:00,23.5,85,19.5,3.67,7.11,79,92,6.0,0.167
2019-02-23 18:00:00,32.0,92,29.9,5.2,8.44,91,95,8.6,0.2485
2019-02-24 15:00:00,22.2,68,13.3,12.07,17.87,280,280,20.4,0.9857
2019-02-25 12:00:00,3.4,61,-7.0,3.8,4.92,297,297,7.7,0.1527
2019-02-26 09:00:00,3.0,76,-3.0,3.98,5.66,39,44,6.8,0.1196
2019-02-27 06:00:00,13.6,89,10.9,2.4,3.35,358,27,3.6,0.03
2019-02-28 03:00:00,-1.2,80,-5.8,2.98,7.15,310,312,4.9,0.1275
2019-06-01 06:00:00,59.3,83,54.3,3.2,4.84,360,342,5.0,0.1205
2019-06-02 04:00:00,50.3,78,43.8,3.73,7.47,340,348,6.3,0.2803
2019-06-03 02:00:00,43.9,64,32.6,2.51,5.72,113,117,4.7,0.2017
2019-06-04 00:00:00,55.4,68,45.0,4.7,9.12,178,184,8.2,0.1979
2019-06-04 22:00:00,65.8,93,63.7,3.6,6.74,180,195,6.1,0.3182
2019-06-05 20:00:00,69.0,89,65.5,2.56,4.92,111,119,3.9,0.0132
2019-06-06 18:00:00,75.1,64,62.2,1.24,2.26,76,77,3.6,0.0004
2019-06-07 16:00:00,78.1,43,53.7,4.65,6.4,118,119,8.8,0.1659
2019-06-08 14:00:00,76.9,45,54.0,5.15,6.77,108,109,10.5,0.3799
2019-06-09 12:00:00,69.6,81,63.6,1.8,2.31,93,95,4.7,0.0
2019-06-10 10:00:00,64.8,42,41.1,7.7,10.56,322,323,14.5,0.7437
2019-06-11 08:00:00,65.4,55,48.8,3.01,4.05,195,200,6.2,0.0874
2019-06-12 06:00:00,57.3,92,54.8,2.91,5.32,139,139,2.9,0.0
2019-06-13 04:00:00,48.9,72,40.3,5.77,9.82,334,338,10.2,0.5634
2019-06-14 02:00:00,51.5,65,40.2,2.91,7.21,229,236,4.7,0.4671
2019-06-15 00:00:00,60.0,85,55.5,6.0,10.02,210,212,11.2,0.5183
2019-06-15 22:00:00,56.1,70,46.5,4.27,7.11,74,76,8.8,0.4097
2019-06-16 20:00:00,57.2,83,52.0,2.82,4.84,23,30,6.2,0.0887
2019-06-17 18:00:00,71.0,64,58.4,0.61,1.02,279,281,3.0,0.0012
2019-06-18 16:00:00,72.2,71,62.1,3.41,4.53,265,264,8.6,0.0431
2019-06-19 14:00:00,69.9,61,55.6,4.0,5.14,53,53,8.1,0.1197
2019-06-20 12:00:00,66.8,66,55.0,4.39,5.75,49,50,10.9,0.1659
2019-06-21 10:00:00,69.0,56,52.8,3.13,3.94,117,117,7.3,0.0885
2019-06-22 08:00:00,65.3,65,53.4,4.72,6.46,111,112,9.5,0.459
2019-06-23 06:00:00,64.9,82,59.3,5.98,9.58,108,115,9.5,0.445
2019-06-24 04:00:00,63.5,98,62.7,1.68,4.03,197,224,2.8,0.0168
2019-06-25 02:00:00,58.4,89,55.2,3.77,7.92,259,266,6.8,0.3722
2019-06-26 00:00:00,63.9,69,53.5,3.06,7.1,259,272,5.0,0.3216
2019-06-26 22:00:00,67.0,73,58.0,2.12,3.11,199,225,2.9,0.0169
2019-06-27 20:00:00,70.3,83,65.0,2.56,5.64,111,120,6.7,0.0342
2019-06-28 18:00:00,76.8,78,69.2,2.59,3.16,118,125,4.9,0.0017
2019-06-29 16:00:00,86.3,49,64.6,0.91,1.02,6,349,4.0,0.0
2019-06-30 14:00:00,78.6,81,72.4,5.94,7.93,173,175,10.8,0.2993
2019-07-01 12:00:00,80.7,67,68.7,2.83,3.52,278,277,7.5,0.0667
2019-07-02 10:00:00,80.4,71,70.2,2.98,3.75,220,222,6.5,0.0468
2019-07-03 08:00:00,75.1,81,68.9,2.01,2.62,84,83,4.9,0.0141
2019-07-04 06:00:00,70.9,93,69.0,3.81,4.66,166,165,6.4,0.0878
2019-07-05 04:00:00,70.7,95,69.1,2.12,5.05,225,236,3.9,0.1427
2019-07-06 02:00:00,71.3,96,70.0,3.01,5.77,75,81,5.2,0.2322
2019-07-07 00:00:00,63.3,75,55.2,3.75,7.53,46,50,6.5,0.2725
2019-07-07 22:00:00,62.3,75,54.2,2.46,4.18,117,111,3.2,0.0
2019-07-08 20:00:00,68.7,70,58.3,2.37,5.52,118,122,3.4,0.045
2019-07-09 18:00:00,80.4,59,64.6,5.37,8.78,153,157,9.5,0.2188
2019-07-10 16:00:00,83.2,44,58.8,7.26,10.12,258,258,14.0,0.6231
2019-07-11 14:00:00,79.3,36,50.2,4.31,5.61,356,356,9.2,0.144
2019-07-12 12:00:00,81.6,42,56.6,3.11,3.89,222,224,7.1,0.02
2019-07-13 10:00:00,82.7,57,66.1,3.41,4.19,310,310,7.5,0.149
2019-07-14 08:00:00,73.0,59,58.1,3.36,4.36,143,143,7.1,0.1027
2019-07-15 06:00:00,75.7,82,69.7,4.22,7.09,211,220,7.2,0.2286
2019-07-16 04:00:00,70.8,74,62.2,4.42,7.59,218,220,8.6,0.2067
2019-07-17 02:00:00,73.8,91,70.9,2.34,3.83,290,311,3.8,0.1322
2019-07-18 00:00:00,75.1,89,71.6,3.73,7.16,188,195,6.7,0.3515
2019-07-18 22:00:00,74.9,95,73.4,3.38,5.95,236,245,4.8,0.5888
2019-07-19 20:00:00,84.1,80,77.2,6.05,10.26,188,190,11.1,0.227
2019-07-20 18:00:00,73.0,85,68.3,2.61,3.3,328,325,7.3,0.002
2019-07-21 16:00:00,78.0,52,59.1,2.79,3.76,21,17,6.4,0.0789
2019-07-22 14:00:00,73.1,42,48.4,5.45,7.24,7,6,10.6,0.2083
2019-07-23 12:00:00,74.2,51,54.6,4.78,6.33,344,344,11.4,0.0855
2019-07-24 10:00:00,76.2,56,59.2,1.0,1.2,264,270,4.3,0.0
2019-07-25 08:00:00,74.0,66,61.8,1.89,2.46,238,243,4.9,0.0585
2019-07-26 06:00:00,68.9,69,58.2,3.86,6.72,211,217,6.8,0.2882
2019-07-27 04:00:00,72.1,68,60.8,5.41,9.55,236,239,10.3,0.4464
2019-07-28 02:00:00,66.7,97,65.7,1.36,1.2,216,275,2.7,0.0381
2019-07-29 00:00:00,76.8,64,63.7,5.52,9.12,224,225,12.1,0.1666
2019-07-29 22:00:00,70.2,69,59.4,3.64,7.05,323,328,6.2,0.136
2019-07-30 20:00:00,66.1,68,55.3,1.62,4.07,22,25,3.6,0.0551
2019-07-31 18:00:00,73.5,48,52.6,0.36,0.42,146,135,2.9,0.0
2019-08-01 16:00:00,77.5,36,48.6,1.5,1.8,37,34,4.2,0.0
2019-08-02 14:00:00,81.1,40,54.8,0.73,0.71,164,172,4.0,0.0
2019-08-03 12:00:00,82.2,59,66.3,1.14,1.36,285,287,6.2,0.0
2019-08-04 10:00:00,76.1,69,65.3,0.58,0.72,121,124,4.2,0.0
2019-08-05 08:00:00,77.5,66,65.4,2.34,3.16,250,252,5.2,0.106
2019-08-06 06:00:00,66.7,93,64.7,4.39,6.59,313,318,6.1,0.0569
2019-08-07 04:00:00,63.3,83,58.0,2.42,6.01,263,267,4.0,0.0664
2019-08-08 02:00:00,67.3,93,65.2,3.45,6.72,287,293,5.9,0.351
2019-08-09 00:00:00,59.9,74,51.5,2.2,5.43,270,283,3.7,0.1385
2019-08-09 22:00:00,64.8,64,52.2,1.78,4.75,308,319,3.7,0.0397
2019-08-10 20:00:00,68.7,77,61.1,1.55,2.91,195,196,2.9,0.0057
2019-08-11 18:00:00,74.8,77,67.0,1.2,1.89,228,238,2.9,0.0011
2019-08-12 16:00:00,78.5,65,65.7,1.68,2.12,163,161,4.4,0.0
2019-08-13 14:00:00,79.4,51,59.8,1.12,1.32,10,9,3.8,0.0
2019-08-14 12:00:00,68.1,76,60.3,3.97,5.19,49,50,8.0,0.0
2019-08-15 10:00:00,71.2,50,51.8,1.44,1.75,34,31,4.8,0.0
2019-08-16 08:00:00,66.4,80,60.2,5.04,7.79,166,167,9.2,0.0
2019-08-17 06:00:00,62.3,90,59.3,1.66,2.55,245,259,3.6,0.004
2019-08-18 04:00:00,66.8,94,65.1,3.61,7.14,177,186,6.3,0.1514
2019-08-19 02:00:00,62.2,89,59.1,1.84,3.64,338,344,2.9,0.0325
2019-08-20 00:00:00,62.5,86,58.2,2.08,2.2,305,273,2.4,0.0
2019-08-20 22:00:00,72.1,87,68.0,2.69,6.0,239,240,4.8,0.0408
2019-08-21 20:00:00,69.1,51,50.5,3.22,6.23,324,330,5.6,0.0585
2019-08-22 18:00:00,67.3,62,53.8,4.34,6.09,75,76,7.4,0.1774
2019-08-23 16:00:00,71.7,41,46.8,2.97,3.68,42,43,6.9,0.0239
2019-08-24 14:00:00,72.8,45,50.1,3.94,5.08,120,122,8.3,0.0684
2019-08-25 12:00:00,74.3,44,51.0,4.84,6.26,142,141,10.3,0.1639
2019-08-26 10:00:00,64.5,92,62.3,5.98,9.02,111,111,10.3,0.0743
2019-08-27 08:00:00,66.3,77,58.8,4.24,5.73,262,264,8.1,0.3284
2019-08-28 06:00:00,58.5,69,48.3,5.94,9.72,257,261,10.7,0.6073
2019-08-29 04:00:00,54.8,82,49.5,2.84,6.42,219,233,4.6,0.2512
2019-08-30 02:00:00,56.4,72,47.5,3.47,7.36,314,317,6.2,0.4205
2019-08-31 00:00:00,55.2,74,47.1,2.62,3.41,47,50,3.2,0.0339
2019-08-31 22:00:00,58.5,72,49.5,2.83,6.09,98,104,4.9,0.0559
2019-12-01 00:00:00,33.7,98,33.1,4.9,7.83,89,95,9.6,0.549
2019-12-01 21:00:00,24.9,80,19.5,6.55,10.31,353,357,12.0,0.6294
2019-12-02 18:00:00,23.4,82,18.6,2.28,3.92,285,289,3.4,0.0417
2019-12-03 15:00:00,39.7,64,28.5,4.74,7.27,277,278,9.9,0.2917
2019-12-04 12:00:00,35.5,63,24.2,8.57,12.09,304,304,15.5,0.8029
2019-12-05 09:00:00,30.9,85,26.8,1.87,2.92,164,174,4.1,0.0868
2019-12-06 06:00:00,28.4,84,24.2,4.52,8.87,325,330,9.3,0.3186
2019-12-07 03:00:00,27.1,73,19.5,2.62,4.75,187,202,4.3,0.1405
2019-12-08 00:00:00,33.2,62,21.6,8.34,13.93,194,196,14.5,0.7174
2019-12-08 21:00:00,30.3,95,29.2,2.2,4.75,180,202,3.9,0.1416
2019-12-09 18:00:00,25.7,81,20.6,8.79,13.0,287,289,16.7,0.9441
2019-12-10 15:00:00,17.2,27,-11.3,5.45,7.36,277,277,10.4,0.2208
2019-12-11 12:00:00,12.6,35,-10.0,4.37,5.6,290,289,9.9,0.1883
2019-12-12 09:00:00,26.7,63,15.9,6.49,11.83,155,161,11.4,0.5204
2019-12-13 06:00:00,26.7,90,24.1,2.28,3.13,331,333,5.0,0.003
2019-12-14 03:00:00,30.2,84,25.9,2.34,4.08,310,306,4.1,0.0784
2019-12-15 00:00:00,14.2,73,7.1,5.28,7.69,295,296,9.5,0.3412
2019-12-15 21:00:00,20.8,41,1.0,1.49,2.26,228,225,2.9,0.0
2019-12-16 18:00:00,20.9,74,13.9,2.33,5.32,317,319,3.1,0.0619
2019-12-17 15:00:00,27.1,65,16.8,5.84,8.17,277,278,10.8,0.2255
2019-12-18 12:00:00,9.4,30,-16.1,2.62,3.32,317,316,7.1,0.0119
2019-12-19 09:00:00,24.0,61,12.6,3.75,5.81,224,228,7.1,0.2156
2019-12-20 06:00:00,25.3,92,23.2,4.72,8.8,126,130,7.4,0.7179
2019-12-21 03:00:00,29.1,82,24.3,3.88,8.35,215,224,6.7,0.2751
2019-12-22 00:00:00,34.5,90,32.0,5.44,10.39,212,219,9.2,0.3527
2019-12-22 21:00:00,37.5,80,31.8,4.78,9.98,217,223,8.2,0.6114
2019-12-23 18:00:00,32.5,88,29.4,3.76,8.2,73,81,6.5,0.2787
2019-12-24 15:00:00,45.4,80,39.4,3.88,6.71,168,177,7.0,0.2439
2019-12-25 12:00:00,45.8,84,41.4,1.96,3.13,195,207,5.3,0.0217
2019-12-26 09:00:00,43.8,91,41.3,5.19,8.83,236,239,8.7,0.4658
2019-12-27 06:00:00,30.3,77,23.9,4.16,6.61,280,280,7.9,0.2646
2019-12-28 03:00:00,24.2,90,21.6,1.58,3.98,125,152,3.1,0.0357
2019-12-29 00:00:00,40.6,96,39.6,7.07,12.04,119,122,12.6,0.8171
2019-12-29 21:00:00,46.6,95,45.3,4.61,8.13,156,161,9.1,0.1923
2019-12-30 18:00:00,30.3,80,25.0,7.73,12.1,230,232,12.7,0.8493
2019-12-31 15:00:00,27.5,56,13.9,5.41,7.88,286,285,11.2,0.4321
2020-01-01 12:00:00,31.2,65,20.8,5.97,10.03,194,197,11.0,0.5441
2020-01-02 09:00:00,37.0,85,33.0,5.95,9.69,222,226,10.0,0.4792
2020-01-03 06:00:00,28.3,85,24.3,3.36,5.74,307,311,6.1,0.1761
2020-01-04 03:00:00,28.3,77,21.9,2.06,3.54,337,344,3.3,0.0477
2020-01-05 00:00:00,22.7,77,16.6,3.26,6.24,230,235,5.5,0.2553
2020-01-05 21:00:00,32.1,68,22.6,7.34,11.72,290,292,12.8,0.6654
2020-01-06 18:00:00,32.8,52,17.1,3.81,8.06,240,247,6.7,0.2223
2020-01-07 15:00:00,33.7,49,16.7,6.9,10.0,268,269,12.8,0.6033
2020-01-08 12:00:00,13.4,33,-10.3,1.46,1.77,344,344,6.1,0.0046
2020-01-09 09:00:00,31.4,54,16.5,7.29,12.22,151,155,13.0,0.6696
2020-01-10 06:00:00,27.9,91,25.8,3.24,5.37,326,331,5.2,0.0836
2020-01-11 03:00:00,24.0,87,20.7,7.93,12.3,5,7,13.4,0.7823
2020-01-12 00:00:00,16.5,73,9.4,4.1,6.83,360,5,9.1,0.3317
2020-01-12 21:00:00,25.1,92,23.1,3.01,5.55,111,116,5.5,0.0131
2020-01-13 18:00:00,24.1,86,20.4,2.77,5.45,116,133,3.8,0.1535
2020-01-14 15:00:00,33.6,82,28.7,4.9,8.1,268,270,8.7,0.2458
2020-01-15 12:00:00,28.8,90,26.3,2.3,3.89,34,44,4.8,0.0464
2020-01-16 09:00:00,2.4,68,-5.6,6.82,10.15,309,310,12.3,0.5419
2020-01-17 06:00:00,1.4,71,-5.7,2.28,6.1,119,131,4.5,0.1315
2020-01-18 03:00:00,26.7,92,24.7,6.58,10.47,134,137,12.1,0.3349
2020-01-19 00:00:00,1.3,76,-4.6,8.0,12.88,283,286,13.1,0.8936
2020-01-19 21:00:00,15.0,85,11.2,3.94,7.43,297,303,6.4,0.1894
2020-01-20 18:00:00,9.6,80,4.5,3.4,5.15,272,288,3.9,0.0053
2020-01-21 15:00:00,18.9,77,12.8,5.37,9.19,207,211,9.0,0.4514
2020-01-22 12:00:00,27.6,81,22.6,5.72,9.94,199,204,10.5,0.5043
2020-01-23 09:00:00,27.8,94,26.4,3.22,4.16,150,153,5.5,0.0429
2020-01-24 06:00:00,32.0,97,31.2,4.48,7.61,61,65,7.2,0.187
2020-01-25 03:00:00,31.3,97,30.6,3.5,5.91,329,336,5.8,0.1157
2020-01-26 00:00:00,31.5,94,29.9,5.11,8.41,293,297,7.6,0.1971
2020-01-26 21:00:00,27.0,90,24.4,2.69,4.9,301,309,4.3,0.0773
2020-01-27 18:00:00,29.6,89,26.7,0.98,2.47,336,339,3.1,0.0353
2020-01-28 15:00:00,27.7,72,19.8,1.97,2.55,336,334,3.8,0.0057
2020-01-29 12:00:00,23.9,79,18.3,0.0,0.0,180,180,2.4,0.0
2020-01-30 09:00:00,20.7,83,16.5,0.67,0.36,117,34,2.1,0.0
2020-01-31 06:00:00,24.8,94,23.3,1.62,3.3,158,182,2.4,0.0045
2020-02-01 03:00:00,30.0,96,29.0,4.75,7.96,210,215,7.8,0.3944
2020-02-02 00:00:00,32.2,89,29.3,7.24,11.82,213,216,12.1,0.4356
2020-02-02 21:00:00,34.2,87,30.9,4.4,8.81,291,296,9.3,0.4383
2020-02-03 18:00:00,30.3,85,26.3,2.98,7.01,40,42,6.3,0.2523
2020-02-04 15:00:00,24.9,68,16.0,3.98,6.02,348,349,8.1,0.318
2020-02-05 12:00:00,19.0,76,12.6,1.27,1.64,45,52,3.8,0.0
2020-02-06 09:00:00,14.5,77,8.5,1.87,3.4,344,2,3.6,0.0
2020-02-07 06:00:00,8.7,74,2.2,2.61,6.26,302,321,3.4,0.0727
2020-02-08 03:00:00,17.5,92,15.5,2.25,5.06,58,65,3.7,0.1302
2020-02-09 00:00:00,12.2,81,7.5,3.05,7.42,221,226,4.9,0.0638
2020-02-09 21:00:00,20.4,90,18.1,5.46,8.59,332,334,9.7,0.1474
2020-02-10 18:00:00,14.8,81,9.9,3.73,6.24,200,221,4.3,0.1276
2020-02-11 15:00:00,27.2,67,17.7,5.12,8.03,274,275,8.9,0.1859
2020-02-12 12:00:00,32.2,72,24.3,7.87,12.45,207,210,12.5,0.7133
2020-02-13 09:00:00,2.5,67,-6.0,7.94,10.51,343,344,11.9,0.4648
2020-02-14 06:00:00,-14.2,74,-20.1,2.7,6.1,272,280,4.9,0.201
2020-02-15 03:00:00,8.2,70,0.5,7.4,11.91,189,193,11.9,0.8185
2020-02-16 00:00:00,24.0,88,20.8,4.82,9.49,275,278,7.7,0.2754
2020-02-16 21:00:00,21.9,80,16.7,1.66,2.69,123,135,2.4,0.1967
2020-02-17 18:00:00,30.6,94,29.0,6.83,10.82,122,124,9.4,0.5398
2020-02-18 15:00:00,28.0,65,17.9,5.77,8.34,284,284,9.7,0.5958
2020-02-19 12:00:00,11.7,57,-0.7,3.98,4.93,288,288,6.4,0.1138
2020-02-20 09:00:00,-2.7,72,-9.3,3.54,6.12,299,308,5.2,0.1316
2020-02-21 06:00:00,5.8,66,-3.0,5.33,10.26,240,246,7.5,0.5929
2020-02-22 03:00:00,22.4,73,15.0,6.05,11.1,236,241,9.0,0.6373
2020-02-23 00:00:00,33.2,78,27.1,6.53,11.82,207,212,9.5,0.4374
2020-02-23 21:00:00,33.6,76,26.7,4.2,9.34,271,280,6.7,0.2345
2020-02-24 18:00:00,29.9,84,25.8,3.45,7.43,22,29,6.1,0.147
2020-02-25 15:00:00,30.5,77,24.3,8.46,12.35,24,25,15.1,0.7107
2020-02-26 12:00:00,24.5,69,15.9,7.0,9.6,1,1,12.6,0.4648
2020-02-27 09:00:00,17.1,76,11.0,2.64,3.83,307,311,4.7,0.3776
2020-02-28 06:00:00,4.6,78,-0.6,3.0,7.22,296,307,5.0,0.2351
2020-02-29 03:00:00,5.7,74,-0.8,3.9,8.44,293,301,6.3,0.3247
2020-06-01 20:00:00,70.8,64,58.0,6.15,10.6,202,206,11.1,0.7395
2020-06-02 18:00:00,71.2,95,69.7,6.8,11.22,311,310,8.5,0.2558
2020-06-03 16:00:00,83.1,38,54.6,3.01,3.92,276,276,5.7,0.0851
2020-06-04 14:00:00,82.4,34,51.3,3.19,4.1,319,317,7.8,0.096
2020-06-05 12:00:00,76.8,70,66.3,2.82,3.65,276,279,12.8,0.0808
2020-06-06 10:00:00,69.0,48,48.5,3.42,4.32,7,5,7.8,0.0663
2020-06-07 08:00:00,59.3,67,48.5,3.65,4.79,99,101,7.7,0.2996
2020-06-08 06:00:00,65.0,67,53.7,4.25,7.4,150,161,7.3,0.4781
2020-06-09 04:00:00,64.0,65,52.1,2.72,6.71,144,160,5.3,0.409
2020-06-10 02:00:00,66.3,89,62.8,8.54,13.58,244,247,17.5,0.4187
2020-06-11 00:00:00,59.4,63,46.6,6.01,10.27,288,292,11.6,0.6607
2020-06-11 22:00:00,60.0,66,48.5,2.26,5.85,315,327,4.0,0.447
2020-06-12 20:00:00,54.8,77,47.9,4.16,6.61,100,100,8.1,0.2709
2020-06-13 18:00:00,60.6,42,37.6,4.64,6.45,83,83,8.9,0.203
2020-06-14 16:00:00,66.4,30,33.9,5.2,6.86,120,121,10.6,0.2492
2020-06-15 14:00:00,74.9,34,44.9,4.33,5.58,146,147,9.3,0.1299
2020-06-16 12:00:00,78.4,34,47.9,3.61,4.63,185,186,8.7,0.1394
2020-06-17 10:00:00,80.2,36,50.9,4.0,5.0,179,180,8.5,0.2108
2020-06-18 08:00:00,75.5,49,54.9,2.2,2.83,183,188,6.1,0.2121
2020-06-19 06:00:00,70.5,61,56.4,2.86,5.5,192,205,5.7,0.151
2020-06-20 04:00:00,68.3,85,63.6,1.75,3.31,301,295,3.1,0.0
2020-06-21 02:00:00,62.5,91,59.8,3.67,6.77,281,283,6.5,0.0842
2020-06-22 00:00:00,68.7,78,61.4,3.04,6.27,207,214,7.2,0.2202
2020-06-22 22:00:00,62.5,90,59.4,3.78,6.49,323,326,6.5,0.1153
2020-06-23 20:00:00,62.9,73,54.2,2.41,5.28,312,323,4.8,0.3804
2020-06-24 18:00:00,69.0,66,57.1,2.45,3.32,282,286,9.0,0.1811
2020-06-25 16:00:00,79.3,38,51.4,4.12,5.35,247,249,8.3,0.0879
2020-06-26 14:00:00,71.9,93,69.7,4.78,7.32,233,235,9.8,0.1407
2020-06-27 12:00:00,82.5,49,61.4,2.92,3.72,308,306,6.8,0.018
2020-06-28 10:00:00,79.0,55,61.6,4.88,6.37,134,134,9.7,0.1496
2020-06-29 08:00:00,76.8,75,68.3,4.02,5.39,161,165,8.6,0.2931
2020-06-30 06:00:00,72.6,91,69.8,2.98,4.92,130,142,5.1,0.1342
2020-07-01 04:00:00,68.6,79,61.8,2.38,5.47,112,121,4.9,0.3275
2020-07-02 02:00:00,63.0,92,60.8,1.96,4.07,105,115,2.7,0.0479
2020-07-03 00:00:00,75.4,71,65.2,0.5,0.28,217,45,1.3,0.0
2020-07-03 22:00:00,75.5,79,68.5,1.94,4.85,102,104,3.2,0.1019
2020-07-04 20:00:00,80.6,54,62.2,0.45,0.32,207,288,0.7,0.0049
2020-07-05 18:00:00,84.5,55,66.3,2.25,2.94,212,215,3.0,0.002
2020-07-06 16:00:00,84.7,57,67.7,2.48,3.26,230,230,6.5,0.0357
2020-07-07 14:00:00,84.7,58,68.1,3.35,3.96,253,254,6.2,0.0469
2020-07-08 12:00:00,86.8,53,67.6,2.68,3.44,243,244,7.3,0.005
2020-07-09 10:00:00,87.0,53,67.8,3.2,4.11,182,184,9.2,0.0203
2020-07-10 08:00:00,72.8,85,68.1,4.55,6.19,327,329,12.1,0.2574
2020-07-11 06:00:00,67.4,81,61.3,2.55,4.44,281,301,5.9,0.1253
2020-07-12 04:00:00,65.1,90,62.1,3.75,7.06,48,52,6.5,0.2911
2020-07-13 02:00:00,60.8,86,56.4,1.62,2.53,292,279,2.5,0.0125
2020-07-14 00:00:00,66.8,86,62.4,3.47,6.94,168,174,7.2,0.2392
2020-07-14 22:00:00,75.1,66,63.1,4.61,8.15,193,194,8.6,0.2877
2020-07-15 20:00:00,65.4,92,63.1,3.85,6.49,62,61,7.7,0.0456
2020-07-16 18:00:00,76.7,58,60.8,1.87,3.2,196,200,4.6,0.007
2020-07-17 16:00:00,85.7,49,64.2,5.1,6.98,208,209,9.7,0.0961
2020-07-18 14:00:00,87.9,62,73.4,5.61,7.8,220,221,12.9,0.5927
2020-07-19 12:00:00,82.2,40,55.6,7.19,9.79,291,292,13.5,0.3024
2020-07-20 10:00:00,74.0,55,57.0,2.62,3.32,313,314,6.6,0.0878
2020-07-21 08:00:00,69.4,73,60.4,3.75,4.88,136,137,7.7,0.1909
2020-07-22 06:00:00,68.6,95,67.2,4.18,6.18,291,293,6.5,0.0577
2020-07-23 04:00:00,59.2,93,57.3,2.13,4.9,311,321,3.6,0.0229
2020-07-24 02:00:00,61.6,94,59.8,1.55,4.02,165,161,3.2,0.0
2020-07-25 00:00:00,71.2,70,60.9,3.88,7.91,192,196,6.8,0.1522
2020-07-25 22:00:00,78.0,69,67.2,4.13,7.98,187,192,7.1,0.2884
2020-07-26 20:00:00,76.8,93,74.5,3.38,6.33,251,258,5.9,0.098
2020-07-27 18:00:00,77.8,46,55.4,3.98,6.81,298,300,9.9,0.2098
2020-07-28 16:00:00,84.5,38,56.3,7.24,10.41,259,258,14.7,0.5139
2020-07-29 14:00:00,83.3,38,54.9,3.06,3.92,308,308,7.2,0.0061
2020-07-30 12:00:00,74.4,66,62.1,4.88,6.37,67,68,10.1,0.1043
2020-07-31 10:00:00,74.4,55,57.1,3.14,3.94,31,30,7.3,0.0581
2020-08-01 08:00:00,70.7,65,58.4,2.24,2.82,27,27,5.3,0.0
2020-08-02 06:00:00,65.4,85,60.9,2.64,4.41,307,327,6.0,0.1406
2020-08-03 04:00:00,57.4,79,51.0,4.01,6.79,4,9,7.4,0.1422
2020-08-04 02:00:00,55.2,88,51.7,1.71,4.39,339,348,3.2,0.1319
2020-08-05 00:00:00,55.3,72,46.3,2.2,5.67,231,229,3.4,0.0715
2020-08-05 22:00:00,63.0,72,53.7,2.09,5.31,197,200,3.8,0.0
2020-08-06 20:00:00,67.5,64,54.9,3.04,6.74,136,139,5.0,0.0503
2020-08-07 18:00:00,76.1,56,59.1,3.6,6.0,180,182,6.8,0.1911
2020-08-08 16:00:00,87.7,49,66.3,5.55,7.57,236,236,11.0,0.1675
2020-08-09 14:00:00,85.6,57,68.5,6.17,8.68,207,207,13.0,0.0376
2020-08-10 12:00:00,81.5,72,71.7,4.24,5.63,251,250,10.7,0.0155
2020-08-11 10:00:00,74.4,53,56.3,1.79,2.2,297,300,5.4,0.0278
2020-08-12 08:00:00,69.9,63,56.7,0.85,1.17,159,160,3.2,0.0316
2020-08-13 06:00:00,63.8,89,60.4,2.34,4.44,140,157,3.7,0.3041
2020-08-14 04:00:00,62.7,90,59.9,1.75,4.89,156,149,3.1,0.098
2020-08-15 02:00:00,68.6,71,59.0,3.44,7.01,172,182,6.1,0.0273
2020-08-16 00:00:00,63.4,64,51.1,2.44,5.6,325,344,4.8,0.1199
2020-08-16 22:00:00,69.3,57,53.5,2.84,6.36,309,315,6.0,0.1782
2020-08-17 20:00:00,70.5,52,52.0,3.7,7.23,360,6,5.8,0.1419
2020-08-18 18:00:00,73.7,36,44.9,1.75,3.28,13,12,5.9,0.0091
2020-08-19 16:00:00,81.7,35,51.8,3.42,4.3,232,234,7.5,0.0595
2020-08-20 14:00:00,84.3,34,52.8,4.8,6.24,234,235,10.2,0.1864
2020-08-21 12:00:00,84.5,34,53.2,3.96,4.96,227,228,8.8,0.0637
2020-08-22 10:00:00,79.4,53,60.9,4.95,6.68,188,189,10.2,0.0335
2020-08-23 08:00:00,72.1,78,64.9,2.51,3.26,185,191,5.5,0.0
2020-08-24 06:00:00,70.2,88,66.6,2.63,5.5,261,272,4.1,0.1138
2020-08-25 04:00:00,68.8,88,65.2,0.82,1.93,76,21,2.3,0.0013
2020-08-26 02:00:00,72.6,85,67.8,3.41,7.06,175,192,6.6,0.3153
2020-08-27 00:00:00,77.9,64,64.6,5.16,9.51,226,230,9.4,0.3202
2020-08-27 22:00:00,71.9,92,69.6,1.06,2.21,139,198,2.4,0.3263
2020-08-28 20:00:00,73.1,78,65.9,5.28,9.0,307,311,9.3,0.1478
2020-08-29 18:00:00,69.8,50,50.3,3.5,6.24,323,325,8.7,0.2671
2020-08-30 16:00:00,73.6,42,48.9,2.3,3.05,146,148,5.5,0.0
2020-08-31 14:00:00,68.8,89,65.4,5.22,8.35,275,276,11.2,0.0498
2020-12-01 00:00:00,21.7,67,12.5,3.58,6.32,333,342,6.3,0.1947
2020-12-01 21:00:00,24.5,65,14.3,2.97,6.62,318,331,5.0,0.1306
2020-12-02 18:00:00,33.8,35,9.0,4.79,10.08,259,263,8.1,0.6226
2020-12-03 15:00:00,38.5,61,26.4,5.33,7.91,247,249,10.9,0.4373
2020-12-04 12:00:00,38.1,62,26.2,3.1,4.0,360,1,7.2,0.0369
2020-12-05 09:00:00,28.1,75,21.2,1.97,2.73,60,62,4.4,0.0267
2020-12-06 06:00:00,28.1,81,23.1,1.39,2.37,30,62,2.9,0.0002
2020-12-07 03:00:00,29.8,73,22.2,2.6,4.85,2,8,5.0,0.0308
2020-12-08 00:00:00,27.1,81,22.0,1.14,2.64,285,299,1.9,0.0126
2020-12-08 21:00:00,30.7,89,27.8,4.58,8.5,238,243,8.0,0.3297
2020-12-09 18:00:00,35.6,81,30.4,2.41,6.44,312,318,3.8,0.1623
2020-12-10 15:00:00,46.1,54,30.2,3.4,6.84,204,207,8.1,0.2557
2020-12-11 12:00:00,36.2,75,29.1,6.72,9.56,47,48,12.8,0.6376
2020-12-12 09:00:00,30.9,85,26.9,9.4,14.87,17,20,16.6,0.9156
2020-12-13 06:00:00,16.8,86,13.3,2.32,2.55,277,312,2.4,0.048
2020-12-14 03:00:00,23.1,68,14.1,5.55,8.96,298,299,10.5,0.2388
2020-12-15 00:00:00,10.3,60,-0.8,2.73,5.2,332,337,4.6,0.0887
2020-12-15 21:00:00,20.7,82,16.2,3.06,6.18,52,61,5.4,0.114
2020-12-16 18:00:00,26.2,80,20.9,2.8,5.95,55,63,4.8,0.0329
2020-12-17 15:00:00,30.1,53,15.0,0.72,0.71,214,225,1.5,0.0004
2020-12-18 12:00:00,26.5,83,21.9,5.0,8.32,168,170,9.0,0.4522
2020-12-19 09:00:00,32.2,93,30.4,1.86,4.53,306,315,3.5,0.0469
2020-12-20 06:00:00,26.8,89,24.0,3.78,6.93,233,237,6.4,0.2186
2020-12-21 03:00:00,29.0,83,24.6,4.03,7.11,173,182,6.7,0.427
2020-12-22 00:00:00,32.0,88,28.8,5.53,9.28,319,323,10.4,0.3276
2020-12-22 21:00:00,34.2,72,26.2,7.54,12.77,165,168,14.0,0.6112
2020-12-23 18:00:00,34.4,77,28.0,8.05,13.07,212,215,17.1,0.9625
2020-12-24 15:00:00,12.8,38,-8.0,6.17,8.29,310,312,11.7,0.6111
2020-12-25 12:00:00,16.4,39,-4.3,4.57,5.92,280,282,9.5,0.3062
2020-12-26 09:00:00,17.9,71,10.2,3.98,5.52,309,314,7.5,0.1077
2020-12-27 06:00:00,24.0,68,15.0,3.81,6.55,95,102,6.3,0.1619
2020-12-28 03:00:00,21.7,80,16.4,4.62,8.07,309,313,8.7,0.3668
2020-12-29 00:00:00,16.7,81,11.9,3.31,6.53,275,281,5.6,0.183
2020-12-29 21:00:00,25.3,91,23.1,7.53,12.22,150,151,13.2,0.3894
2020-12-30 18:00:00,22.3,78,16.5,5.0,8.4,268,271,9.9,0.6002
2020-12-31 15:00:00,18.2,84,14.2,1.65,3.79,194,198,4.4,0.2203
2021-01-01 12:00:00,25.8,93,24.2,4.1,7.05,47,58,7.2,0.0105
2021-01-02 09:00:00,9.1,87,6.1,1.52,3.94,293,306,3.0,0.0058
2021-01-03 06:00:00,12.5,91,10.4,1.71,1.6,263,274,3.0,0.0
2021-01-04 03:00:00,18.3,95,17.1,3.52,6.22,215,225,6.2,0.0012
2021-01-05 00:00:00,25.6,91,23.4,3.93,7.67,285,292,6.5,0.0632
2021-01-05 21:00:00,18.2,95,17.1,0.81,1.6,83,360,1.2,0.0002
2021-01-06 18:00:00,24.0,92,22.1,1.0,1.35,360,48,2.0,0.0
2021-01-07 15:00:00,29.9,87,26.4,2.69,4.52,15,18,5.5,0.0508
2021-01-08 12:00:00,26.7,82,22.0,3.13,4.23,7,7,5.8,0.0432
2021-01-09 09:00:00,22.8,83,18.4,1.94,4.5,348,359,3.4,0.0379
2021-01-10 06:00:00,18.0,89,15.4,2.28,4.09,285,292,4.1,0.0022
2021-01-11 03:00:00,17.4,88,14.3,2.97,6.57,237,244,5.0,0.107
2021-01-12 00:00:00,26.8,93,25.0,2.98,6.81,230,240,6.0,0.3806
2021-01-12 21:00:00,27.7,89,24.9,3.54,7.82,223,231,5.9,0.1203
2021-01-13 18:00:00,33.4,90,30.7,2.2,5.04,177,194,2.4,0.0936
2021-01-14 15:00:00,34.8,85,30.9,3.82,7.36,135,137,7.1,0.2716
2021-01-15 12:00:00,32.5,90,29.8,3.3,4.72,55,58,6.1,0.0658
2021-01-16 09:00:00,32.1,92,30.1,5.5,8.75,335,338,9.3,0.3277
2021-01-17 06:00:00,24.8,93,23.1,1.77,3.83,313,327,4.5,0.0471
2021-01-18 03:00:00,22.1,90,19.6,1.92,4.08,309,329,3.1,0.0386
2021-01-19 00:00:00,12.1,84,8.2,3.54,7.62,278,287,6.2,0.2768
2021-01-19 21:00:00,14.8,81,10.1,5.38,9.33,312,316,9.4,0.0088
2021-01-20 18:00:00,26.6,79,21.1,8.07,13.72,222,225,13.4,0.9492
2021-01-21 15:00:00,33.0,71,24.8,7.21,11.83,289,290,12.9,0.8188
2021-01-22 12:00:00,9.6,64,-0.1,4.88,6.79,313,314,9.3,0.3348
2021-01-23 09:00:00,0.8,76,-4.8,2.13,3.19,221,221,3.5,0.0231
2021-01-24 06:00:00,23.3,90,20.8,4.24,7.22,165,170,5.8,0.2185
2021-01-25 03:00:00,8.7,81,4.0,2.67,7.18,13,19,5.2,0.2466
2021-01-26 00:00:00,22.2,84,18.3,6.47,10.4,39,44,10.9,0.7659
2021-01-26 21:00:00,11.4,77,5.7,3.1,7.47,345,352,4.8,0.2024
2021-01-27 18:00:00,6.9,79,1.8,2.97,5.58,315,324,3.8,0.1767
2021-01-28 15:00:00,12.6,70,4.8,0.82,1.7,194,225,2.3,0.0
2021-01-29 12:00:00,16.3,70,8.1,3.14,5.8,143,148,5.7,0.0797
2021-01-30 09:00:00,27.5,82,22.8,7.17,11.41,120,122,11.6,0.6768
2021-01-31 06:00:00,26.8,91,24.7,6.8,10.4,49,52,10.4,0.7711
2021-02-01 03:00:00,14.3,88,11.4,2.52,6.33,353,5,4.7,0.3364
2021-02-02 00:00:00,17.9,88,15.0,3.56,7.88,322,331,5.8,0.2674
2021-02-02 21:00:00,15.2,83,11.1,2.66,6.58,304,316,4.1,0.0359
2021-02-03 18:00:00,22.9,74,15.9,5.32,10.26,164,167,8.2,0.2703
2021-02-04 15:00:00,31.3,95,30.2,5.39,8.57,165,169,12.6,0.1671
2021-02-05 12:00:00,9.2,62,-1.2,8.3,11.4,271,272,13.0,0.8303
2021-02-06 09:00:00,0.6,74,-5.8,4.79,8.22,281,283,7.6,0.3912
2021-02-07 06:00:00,-15.0,74,-20.9,4.49,8.12,287,292,6.8,0.4003
2021-02-08 03:00:00,-5.5,74,-11.5,1.86,3.55,306,320,4.0,0.0632
2021-02-09 00:00:00,-9.5,76,-14.9,3.4,5.44,317,324,4.5,0.3016
2021-02-09 21:00:00,-0.7,72,-7.6,4.39,8.17,240,248,6.2,0.242
2021-02-10 18:00:00,2.4,68,-5.9,2.42,5.45,308,313,4.3,0.0526
2021-02-11 15:00:00,4.2,62,-5.7,3.49,4.44,347,346,5.7,0.0251
2021-02-12 12:00:00,2.6,66,-6.2,5.73,7.29,313,313,8.9,0.2249
2021-02-13 09:00:00,-4.2,74,-10.4,4.94,6.54,328,331,7.8,0.1968
2021-02-14 06:00:00,-14.8,67,-22.6,5.45,9.54,317,322,8.4,0.4231
2021-02-15 03:00:00,-9.2,65,-17.6,5.03,8.08,343,348,7.7,0.2805
2021-02-16 00:00:00,0.6,69,-7.4,6.7,10.56,1,6,10.1,0.3101
2021-02-16 21:00:00,0.0,80,-4.6,2.52,2.34,214,220,3.0,0.0
2021-02-17 18:00:00,13.9,59,2.1,1.24,2.5,194,196,1.0,0.0027
2021-02-18 15:00:00,20.2,71,12.4,2.51,3.0,5,358,4.9,0.0421
2021-02-19 12:00:00,15.7,65,5.9,3.98,5.0,282,282,6.5,0.0383
2021-02-20 09:00:00,4.1,81,-0.3,1.14,1.08,255,292,2.0,0.0301
2021-02-21 06:00:00,15.0,82,10.5,5.16,9.53,158,165,7.9,0.3688
2021-02-22 03:00:00,26.2,94,24.7,6.35,9.79,298,302,9.4,0.6527
2021-02-23 00:00:00,33.7,83,29.1,6.2,10.72,269,274,9.5,0.6107
2021-02-23 21:00:00,32.9,85,28.9,4.83,9.0,174,179,6.9,0.2027
2021-02-24 18:00:00,28.6,78,22.8,2.62,6.44,310,317,5.4,0.2546
2021-02-25 15:00:00,36.6,62,25.0,1.71,4.06,249,260,4.4,0.1952
2021-02-26 12:00:00,34.8,79,29.0,5.54,9.04,173,174,9.0,0.3459
2021-02-27 09:00:00,32.8,88,29.7,2.78,5.05,218,236,4.5,0.1237
2021-02-28 06:00:00,33.6,94,32.1,4.3,8.5,126,132,7.5,0.7403
2021-06-01 12:00:00,71.5,52,53.1,3.14,3.94,211,210,7.7,0.0765
2021-06-02 10:00:00,72.7,45,50.3,0.76,0.82,157,166,5.5,0.031
2021-06-03 08:00:00,71.5,49,51.6,4.39,5.94,221,224,8.5,0.1424
2021-06-04 06:00:00,71.5,44,48.5,7.03,11.89,255,257,10.2,0.5894
2021-06-05 04:00:00,68.1,63,55.2,5.25,9.69,220,225,9.5,0.6997
2021-06-06 02:00:00,73.3,62,59.3,4.74,8.91,222,227,9.1,0.3425
2021-06-07 00:00:00,73.6,74,64.8,4.3,8.04,192,197,7.2,0.372
2021-06-07 22:00:00,71.7,87,67.8,3.98,7.02,168,176,6.8,0.1881
2021-06-08 20:00:00,79.0,66,66.5,1.62,3.58,112,126,4.1,0.0141
2021-06-09 18:00:00,84.3,53,65.3,4.81,6.58,107,107,9.0,0.182
2021-06-10 16:00:00,89.1,45,64.7,2.77,3.4,131,133,6.7,0.0267
2021-06-11 14:00:00,93.3,32,59.3,3.11,3.97,327,326,7.3,0.0845
2021-06-12 12:00:00,83.8,50,62.9,4.61,5.95,330,331,10.7,0.2686
2021-06-13 10:00:00,81.0,29,45.9,3.66,4.69,325,326,8.5,0.1005
2021-06-14 08:00:00,69.9,53,52.1,4.96,6.52,326,328,10.0,0.1429
2021-06-15 06:00:00,64.5,64,52.2,2.28,3.98,61,65,5.3,0.0595
2021-06-16 04:00:00,54.1,57,39.3,1.77,4.59,74,79,2.9,0.1218
2021-06-17 02:00:00,60.9,43,38.0,3.64,7.14,164,174,6.7,0.3551
2021-06-18 00:00:00,73.4,79,66.5,4.92,8.19,257,252,13.8,0.5791
2021-06-18 22:00:00,67.1,72,57.6,2.46,4.43,243,264,3.3,0.4175
2021-06-19 20:00:00,68.5,68,57.6,2.66,3.83,326,327,3.1,0.0002
2021-06-20 18:00:00,67.5,78,60.3,3.41,4.92,140,142,7.4,0.0959
2021-06-21 16:00:00,60.8,42,37.6,6.53,8.9,335,334,13.9,0.4864
2021-06-22 14:00:00,68.1,35,39.3,5.59,7.52,299,299,10.9,0.1407
2021-06-23 12:00:00,72.3,62,58.6,7.2,9.79,205,206,13.9,0.471
2021-06-24 10:00:00,76.8,65,64.3,4.99,6.6,213,215,10.7,0.5407
2021-06-25 08:00:00,70.0,96,69.0,3.32,5.4,83,88,6.4,0.0
2021-06-26 06:00:00,69.1,97,68.3,4.08,6.63,149,157,4.4,0.0872
2021-06-27 04:00:00,69.2,94,67.5,5.44,8.9,216,218,9.6,0.49
2021-06-28 02:00:00,63.1,89,59.9,1.9,4.81,162,168,4.0,0.0822
2021-06-29 00:00:00,69.8,97,68.8,2.34,4.92,160,175,4.9,0.0296
2021-06-29 22:00:00,68.9,92,66.4,2.19,5.22,223,238,3.5,0.0878
2021-06-30 20:00:00,71.1,78,63.9,5.12,8.71,51,56,8.5,0.0625
2021-07-01 18:00:00,72.2,59,56.9,2.73,3.62,62,62,9.1,0.0244
2021-07-02 16:00:00,74.6,43,50.6,2.21,2.8,5,2,5.8,0.0045
2021-07-03 14:00:00,86.2,43,61.0,5.37,7.2,297,297,10.7,0.1771
2021-07-04 12:00:00,86.0,54,67.2,3.84,4.92,231,232,8.2,0.0679
2021-07-05 10:00:00,84.4,59,68.4,6.93,9.39,243,245,13.2,0.4982
2021-07-06 08:00:00,81.2,71,70.9,2.84,3.7,231,232,6.3,0.0667
2021-07-07 06:00:00,62.6,94,60.9,4.15,6.18,75,76,6.8,0.1357
2021-07-08 04:00:00,56.3,85,51.9,3.88,5.89,12,15,7.3,0.1337
2021-07-09 02:00:00,56.0,91,53.5,1.8,4.16,251,260,3.2,0.047
2021-07-10 00:00:00,61.0,78,54.1,2.69,6.03,132,140,5.0,0.0951
2021-07-10 22:00:00,64.6,74,56.2,3.8,7.03,55,60,6.3,0.2067
2021-07-11 20:00:00,66.7,69,56.1,2.89,6.08,76,81,5.3,0.2459
2021-07-12 18:00:00,70.7,73,61.7,3.71,5.12,104,102,8.1,0.0018
2021-07-13 16:00:00,81.6,48,59.8,3.34,4.33,261,263,7.1,0.0526
2021-07-14 14:00:00,77.9,69,66.9,4.52,7.04,198,203,11.7,0.1874
2021-07-15 12:00:00,75.9,61,61.5,4.14,5.26,352,351,9.2,0.0453
2021-07-16 10:00:00,73.2,62,59.4,3.27,4.12,67,67,7.3,0.0393
2021-07-17 08:00:00,68.6,76,60.7,3.01,3.9,21,23,6.7,0.0683
2021-07-18 06:00:00,62.9,78,56.0,1.82,3.26,9,40,3.2,0.0023
2021-07-19 04:00:00,58.4,89,55.1,2.5,2.59,254,242,3.0,0.0151
2021-07-20 02:00:00,66.2,81,60.1,2.84,6.52,280,291,4.9,0.1635
2021-07-21 00:00:00,63.9,78,56.9,3.2,5.4,88,88,6.3,0.0368
2021-07-21 22:00:00,66.6,64,54.1,3.8,5.92,125,127,8.2,0.0794
2021-07-22 20:00:00,75.5,80,69.0,2.69,5.11,135,149,4.4,0.0586
2021-07-23 18:00:00,84.8,52,65.4,4.4,6.92,231,233,8.0,0.1528
2021-07-24 16:00:00,86.3,47,64.0,6.37,8.64,312,312,12.9,0.2305
2021-07-25 14:00:00,87.9,28,50.3,5.41,7.02,304,303,11.4,0.1118
2021-07-26 12:00:00,89.8,31,55.0,2.79,3.49,255,257,7.7,0.0492
2021-07-27 10:00:00,77.8,59,62.4,6.16,8.44,193,194,11.9,0.4614
2021-07-28 08:00:00,76.8,76,68.5,0.81,1.0,173,174,3.8,0.0
2021-07-29 06:00:00,73.2,92,70.7,4.2,7.6,271,268,9.6,0.3612
2021-07-30 04:00:00,61.9,70,52.2,3.33,5.71,57,57,7.7,0.1176
2021-07-31 02:00:00,58.3,88,54.8,1.75,3.76,204,230,3.2,0.0881
2021-08-01 00:00:00,66.5,80,60.1,3.64,7.07,344,352,6.4,0.0808
2021-08-01 22:00:00,61.1,73,52.3,1.9,2.14,72,53,2.8,0.0516
2021-08-02 20:00:00,71.1,48,50.4,1.08,1.36,214,234,1.6,0.0189
2021-08-03 18:00:00,76.0,52,57.2,1.42,2.3,321,326,4.2,0.0553
2021-08-04 16:00:00,81.4,39,54.0,1.75,2.15,204,208,4.6,0.0002
2021-08-05 14:00:00,81.4,38,53.3,6.44,8.82,213,213,13.3,0.2067
2021-08-06 12:00:00,74.4,76,66.3,6.94,9.44,234,234,13.3,0.0615
2021-08-07 10:00:00,78.1,72,68.2,2.97,3.68,138,137,6.5,0.4728
2021-08-08 08:00:00,75.3,85,70.7,2.88,3.85,146,152,5.6,0.2241
2021-08-09 06:00:00,69.3,95,67.7,4.03,6.89,150,152,6.3,0.1127
2021-08-10 04:00:00,67.2,96,66.2,0.7,1.32,180,279,2.1,0.0012
2021-08-11 02:00:00,71.7,96,70.3,3.75,7.0,222,223,7.3,0.241
2021-08-12 00:00:00,68.2,89,64.9,1.92,5.11,279,293,6.9,0.2884
2021-08-12 22:00:00,69.6,66,57.6,3.61,7.71,314,317,6.9,0.0506
2021-08-13 20:00:00,64.2,63,51.3,2.28,5.9,331,334,3.8,0.1894
2021-08-14 18:00:00,72.2,58,56.7,1.87,4.22,196,202,4.4,0.0062
2021-08-15 16:00:00,77.1,45,54.2,1.53,1.91,191,186,5.5,0.0022
2021-08-16 14:00:00,77.3,46,54.7,1.41,1.81,172,174,5.3,0.0006
2021-08-17 12:00:00,78.4,52,59.1,2.93,3.72,172,174,7.1,0.0077
2021-08-18 10:00:00,79.0,60,64.2,1.03,1.17,151,149,4.0,0.0178
2021-08-19 08:00:00,75.2,84,69.9,1.12,1.3,333,337,3.7,0.0281
2021-08-20 06:00:00,69.1,95,67.8,2.0,3.29,127,160,3.9,0.1414
2021-08-21 04:00:00,71.7,84,66.5,4.53,8.31,174,178,8.7,0.3661
2021-08-22 02:00:00,61.3,73,52.8,3.32,6.65,339,348,5.6,0.243
2021-08-23 00:00:00,62.7,82,57.3,2.88,5.69,146,146,5.1,0.2102
2021-08-23 22:00:00,75.0,77,67.3,2.6,5.96,196,203,4.9,0.0329
2021-08-24 20:00:00,74.6,78,67.4,2.57,5.72,167,175,8.4,0.3768
2021-08-25 18:00:00,81.0,81,74.6,0.82,1.63,104,79,2.5,0.0146
2021-08-26 16:00:00,83.5,62,69.0,3.93,5.29,105,105,7.4,0.174
2021-08-27 14:00:00,84.3,65,71.2,5.51,7.53,184,185,11.8,0.4443
2021-08-28 12:00:00,86.4,65,73.4,4.92,6.59,209,210,11.9,0.1126
2021-08-29 10:00:00,77.9,77,69.9,6.96,9.96,235,236,16.9,0.6375
2021-12-01 03:00:00,32.8,65,22.2,3.42,6.74,159,162,5.6,0.1257
2021-12-02 00:00:00,47.6,59,34.1,7.08,12.13,251,255,12.0,0.3022
2021-12-02 21:00:00,35.2,71,26.7,1.84,4.25,22,27,2.8,0.094
2021-12-03 18:00:00,33.4,95,32.1,3.04,6.75,316,320,4.1,0.0286
2021-12-04 15:00:00,34.5,40,12.7,4.84,7.09,277,279,9.7,0.1746
2021-12-05 12:00:00,34.4,80,29.0,7.08,10.49,137,139,12.2,0.52
2021-12-06 09:00:00,25.9,58,13.1,10.89,15.72,293,294,19.5,0.8083
2021-12-07 06:00:00,8.0,40,-11.6,0.7,0.9,270,270,3.7,0.011
2021-12-08 03:00:00,22.1,50,6.4,1.53,2.53,148,171,3.3,0.0193
2021-12-09 00:00:00,21.3,66,11.5,3.68,6.92,137,143,6.1,0.2987
2021-12-09 21:00:00,31.1,76,24.5,2.3,6.17,272,278,5.6,0.1626
2021-12-10 18:00:00,34.2,93,32.4,6.22,9.94,85,85,13.8,0.8542
2021-12-11 15:00:00,32.9,63,21.5,6.2,10.8,268,270,11.9,0.7385
2021-12-12 12:00:00,38.4,53,22.7,6.68,11.68,219,222,11.9,0.681
2021-12-13 09:00:00,36.6,59,23.7,4.38,7.76,243,248,7.0,0.2187
2021-12-14 06:00:00,32.8,89,29.8,4.82,9.69,95,101,7.8,0.4887
2021-12-15 03:00:00,48.3,95,47.0,5.66,9.9,172,178,9.3,0.3871
2021-12-16 00:00:00,61.5,84,56.4,13.98,21.5,203,204,26.4,0.6057
2021-12-16 21:00:00,26.1,51,10.3,6.3,10.42,272,273,11.1,0.649
2021-12-17 18:00:00,22.5,63,12.0,3.75,5.52,44,48,6.8,0.1741
2021-12-18 15:00:00,29.9,58,17.0,4.84,6.54,330,331,9.2,0.2321
